filename,uuid,label,recording_session ,timestamp,time_offset_s,device_name,device_manufacturer,device_model,microphone,firearm,caliber,latitude,longitude,gunshot_location_in_seconds,num_gunshots
/Users/borosabel/Documents/Uni/Thesis/PopMIR/Data/Audio/Gunshots/csv/edge-collected-gunshot-audio/edge-collected-gunshot-audio/glock_17_9mm(1).wav,880b3ce5-9c19-4c12-a813-b223bb4f2897,9mm,1,2021-11-15T12:46:11.907-04:00,17.61400032,Galaxy S21 5G Lemon Brownie,Samsung,SM-G991U1,Samsung Galaxy S21 Internal Mic,Glock 17,9mm,28.34229547,-80.78193907,[1.72269841],1
/Users/borosabel/Documents/Uni/Thesis/PopMIR/Data/Audio/Gunshots/csv/edge-collected-gunshot-audio/edge-collected-gunshot-audio/glock_17_9mm(2).wav,fed855d4-d9c4-42c5-a5c5-ddc5edd69e14,9mm,1,2021-11-15T12:47:41.122-04:00,17.61400032,Galaxy S21 5G Lemon Brownie,Samsung,SM-G991U1,Samsung Galaxy S21 Internal Mic,Glock 17,9mm,28.34229547,-80.78193907,[1.67290249],1
/Users/borosabel/Documents/Uni/Thesis/PopMIR/Data/Audio/Gunshots/csv/edge-collected-gunshot-audio/edge-collected-gunshot-audio/glock_17_9mm(3).wav,369d77b1-3141-40e2-8fb5-77d57d560472,9mm,1,2021-11-15T12:50:03.647-04:00,17.63699913,Galaxy S21 5G Lemon Brownie,Samsung,SM-G991U1,Samsung Galaxy S21 Internal Mic,Glock 17,9mm,28.34229547,-80.78193907,[1.61977324 3.50795918 5.42746032],3
/Users/borosabel/Documents/Uni/Thesis/PopMIR/Data/Audio/Gunshots/csv/edge-collected-gunshot-audio/edge-collected-gunshot-audio/glock_17_9mm(4).wav,cfe036af-d99f-46a5-8829-32a66b45be70,9mm,1,2021-11-15T12:51:30.693-04:00,17.54700089,Galaxy S21 5G Lemon Brownie,Samsung,SM-G991U1,Samsung Galaxy S21 Internal Mic,Glock 17,9mm,28.34229547,-80.78193907,[1.75       1.98768707 2.26022676],3
/Users/borosabel/Documents/Uni/Thesis/PopMIR/Data/Audio/Gunshots/csv/edge-collected-gunshot-audio/edge-collected-gunshot-audio/glock_17_9mm(5).wav,b0f71933-ce93-45ae-bf09-6838af56c0ee,9mm,1,2021-11-15T12:52:47.686-04:00,17.57900047,Galaxy S21 5G Lemon Brownie,Samsung,SM-G991U1,Samsung Galaxy S21 Internal Mic,Glock 17,9mm,28.34229547,-80.78193907,[1.75       2.61845805 3.06664399],3
/Users/borosabel/Documents/Uni/Thesis/PopMIR/Data/Audio/Gunshots/csv/edge-collected-gunshot-audio/edge-collected-gunshot-audio/glock_17_9mm(6).wav,f4795b52-6cf1-4d72-bb79-b0764509a1c8,9mm,1,2021-11-15T12:54:30.196-04:00,17.61499977,Galaxy S21 5G Lemon Brownie,Samsung,SM-G991U1,Samsung Galaxy S21 Internal Mic,Glock 17,9mm,28.34229547,-80.78193907,[1.50206349 1.75       1.95494331 2.15668934 2.35848073],5
/Users/borosabel/Documents/Uni/Thesis/PopMIR/Data/Audio/Gunshots/csv/edge-collected-gunshot-audio/edge-collected-gunshot-audio/glock_17_9mm(7).wav,4c374fa3-f600-409f-a01e-684c006bc381,9mm,1,2021-11-15T13:30:05.976-04:00,17.2310009,Galaxy S21 5G Lemon Brownie,Samsung,SM-G991U1,Samsung Galaxy S21 Internal Mic,Glock 17,9mm,28.34229547,-80.78193907,[1.77839002],1
/Users/borosabel/Documents/Uni/Thesis/PopMIR/Data/Audio/Gunshots/csv/edge-collected-gunshot-audio/edge-collected-gunshot-audio/glock_17_9mm(8).wav,90ec7115-97f8-47dc-b4c4-d4528411333f,9mm,1,2021-11-15T13:30:32.740-04:00,17.34799957,Galaxy S21 5G Lemon Brownie,Samsung,SM-G991U1,Samsung Galaxy S21 Internal Mic,Glock 17,9mm,28.34229547,-80.78193907,[1.62367347],1
/Users/borosabel/Documents/Uni/Thesis/PopMIR/Data/Audio/Gunshots/csv/edge-collected-gunshot-audio/edge-collected-gunshot-audio/glock_17_9mm(9).wav,fe7bf3b2-7a7a-4a47-9c7d-c6d4354a7cfd,9mm,1,2021-11-15T13:30:45.445-04:00,17.37000084,Galaxy S21 5G Lemon Brownie,Samsung,SM-G991U1,Samsung Galaxy S21 Internal Mic,Glock 17,9mm,28.34229547,-80.78193907,[1.62326531],1
/Users/borosabel/Documents/Uni/Thesis/PopMIR/Data/Audio/Gunshots/csv/edge-collected-gunshot-audio/edge-collected-gunshot-audio/glock_17_9mm(10).wav,23e5252c-2680-4dcf-acee-4b58271de2a9,9mm,1,2021-11-15T13:31:19.917-04:00,17.36800003,Galaxy S21 5G Lemon Brownie,Samsung,SM-G991U1,Samsung Galaxy S21 Internal Mic,Glock 17,9mm,28.34229547,-80.78193907,[1.62344671],1
/Users/borosabel/Documents/Uni/Thesis/PopMIR/Data/Audio/Gunshots/csv/edge-collected-gunshot-audio/edge-collected-gunshot-audio/glock_17_9mm(11).wav,23e5252c-2680-4dcf-acee-4b58271de2a9,9mm,1,2021-11-15T13:31:19.917-04:00,17.36800003,Galaxy S21 5G Lemon Brownie,Samsung,SM-G991U1,Samsung Galaxy S21 Internal Mic,Glock 17,9mm,28.34229547,-80.78193907,[1.62072562],1
/Users/borosabel/Documents/Uni/Thesis/PopMIR/Data/Audio/Gunshots/csv/edge-collected-gunshot-audio/edge-collected-gunshot-audio/glock_17_9mm(12).wav,311641e1-8a87-4a2b-a12d-5d451505741c,9mm,1,2021-11-15T13:31:48.966-04:00,17.41200066,Galaxy S21 5G Lemon Brownie,Samsung,SM-G991U1,Samsung Galaxy S21 Internal Mic,Glock 17,9mm,28.34229547,-80.78193907,[0.089161  1.7539229],2
/Users/borosabel/Documents/Uni/Thesis/PopMIR/Data/Audio/Gunshots/csv/edge-collected-gunshot-audio/edge-collected-gunshot-audio/glock_17_9mm(13).wav,311641e1-8a87-4a2b-a12d-5d451505741c,9mm,1,2021-11-15T13:31:48.966-04:00,17.41200066,Galaxy S21 5G Lemon Brownie,Samsung,SM-G991U1,Samsung Galaxy S21 Internal Mic,Glock 17,9mm,28.34229547,-80.78193907,[1.62052154],1
/Users/borosabel/Documents/Uni/Thesis/PopMIR/Data/Audio/Gunshots/csv/edge-collected-gunshot-audio/edge-collected-gunshot-audio/glock_17_9mm(14).wav,311641e1-8a87-4a2b-a12d-5d451505741c,9mm,1,2021-11-15T13:31:48.966-04:00,17.41200066,Galaxy S21 5G Lemon Brownie,Samsung,SM-G991U1,Samsung Galaxy S21 Internal Mic,Glock 17,9mm,28.34229547,-80.78193907,[0.00281179 1.68104308],2
/Users/borosabel/Documents/Uni/Thesis/PopMIR/Data/Audio/Gunshots/csv/edge-collected-gunshot-audio/edge-collected-gunshot-audio/glock_17_9mm(15).wav,311641e1-8a87-4a2b-a12d-5d451505741c,9mm,1,2021-11-15T13:31:48.966-04:00,17.41200066,Galaxy S21 5G Lemon Brownie,Samsung,SM-G991U1,Samsung Galaxy S21 Internal Mic,Glock 17,9mm,28.34229547,-80.78193907,[0.34721088 1.68115646],2
/Users/borosabel/Documents/Uni/Thesis/PopMIR/Data/Audio/Gunshots/csv/edge-collected-gunshot-audio/edge-collected-gunshot-audio/glock_17_9mm(16).wav,311641e1-8a87-4a2b-a12d-5d451505741c,9mm,1,2021-11-15T13:31:48.966-04:00,17.41200066,Galaxy S21 5G Lemon Brownie,Samsung,SM-G991U1,Samsung Galaxy S21 Internal Mic,Glock 17,9mm,28.34229547,-80.78193907,[0.07517007 1.68249433],2
/Users/borosabel/Documents/Uni/Thesis/PopMIR/Data/Audio/Gunshots/csv/edge-collected-gunshot-audio/edge-collected-gunshot-audio/glock_17_9mm(17).wav,311641e1-8a87-4a2b-a12d-5d451505741c,9mm,1,2021-11-15T13:31:48.966-04:00,17.41200066,Galaxy S21 5G Lemon Brownie,Samsung,SM-G991U1,Samsung Galaxy S21 Internal Mic,Glock 17,9mm,28.34229547,-80.78193907,[0.39430839 1.68095238],2
/Users/borosabel/Documents/Uni/Thesis/PopMIR/Data/Audio/Gunshots/csv/edge-collected-gunshot-audio/edge-collected-gunshot-audio/glock_17_9mm(18).wav,311641e1-8a87-4a2b-a12d-5d451505741c,9mm,1,2021-11-15T13:31:48.966-04:00,17.41200066,Galaxy S21 5G Lemon Brownie,Samsung,SM-G991U1,Samsung Galaxy S21 Internal Mic,Glock 17,9mm,28.34229547,-80.78193907,[0.45319728 1.68623583],2
/Users/borosabel/Documents/Uni/Thesis/PopMIR/Data/Audio/Gunshots/csv/edge-collected-gunshot-audio/edge-collected-gunshot-audio/glock_17_9mm(19).wav,311641e1-8a87-4a2b-a12d-5d451505741c,9mm,1,2021-11-15T13:31:48.966-04:00,17.41200066,Galaxy S21 5G Lemon Brownie,Samsung,SM-G991U1,Samsung Galaxy S21 Internal Mic,Glock 17,9mm,28.34229547,-80.78193907,[0.01591837 2.22621315],2
/Users/borosabel/Documents/Uni/Thesis/PopMIR/Data/Audio/Gunshots/csv/edge-collected-gunshot-audio/edge-collected-gunshot-audio/glock_17_9mm(20).wav,6fbbd03e-f48e-4c39-a698-6bfab08c7e86,9mm,1,2021-11-15T12:45:10.666-04:00,0.130999997,Galaxy S21 5G Raspberry Cake,Samsung,SM-G991U1,Samsung Galaxy S21 Internal Mic,Glock 17,9mm,28.34203166,-80.78160669,[1.75],1
/Users/borosabel/Documents/Uni/Thesis/PopMIR/Data/Audio/Gunshots/csv/edge-collected-gunshot-audio/edge-collected-gunshot-audio/glock_17_9mm(21).wav,3de9cd1a-f889-4834-8b92-968e4ef4e770,9mm,1,2021-11-15T12:46:29.418-04:00,0.164000005,Galaxy S21 5G Raspberry Cake,Samsung,SM-G991U1,Samsung Galaxy S21 Internal Mic,Glock 17,9mm,28.34203166,-80.78160669,[1.75],1
/Users/borosabel/Documents/Uni/Thesis/PopMIR/Data/Audio/Gunshots/csv/edge-collected-gunshot-audio/edge-collected-gunshot-audio/glock_17_9mm(22).wav,afde2734-d3d4-4c25-869e-945f6fd192bb,9mm,1,2021-11-15T12:47:58.629-04:00,0.164000005,Galaxy S21 5G Raspberry Cake,Samsung,SM-G991U1,Samsung Galaxy S21 Internal Mic,Glock 17,9mm,28.34203166,-80.78160669,[1.75],1
/Users/borosabel/Documents/Uni/Thesis/PopMIR/Data/Audio/Gunshots/csv/edge-collected-gunshot-audio/edge-collected-gunshot-audio/glock_17_9mm(23).wav,9d313a2c-cb6f-43c2-8b52-e9ddf4f951bb,9mm,1,2021-11-15T12:50:20.981-04:00,0.141000003,Galaxy S21 5G Raspberry Cake,Samsung,SM-G991U1,Samsung Galaxy S21 Internal Mic,Glock 17,9mm,28.34203166,-80.78160669,[1.75       3.63755102 5.55709751],3
/Users/borosabel/Documents/Uni/Thesis/PopMIR/Data/Audio/Gunshots/csv/edge-collected-gunshot-audio/edge-collected-gunshot-audio/glock_17_9mm(24).wav,95532319-45d9-4eee-b05d-cef146e6cfa8,9mm,1,2021-11-15T12:51:48.023-04:00,34.43199921,Galaxy S21 5G Raspberry Cake,Samsung,SM-G991U1,Samsung Galaxy S21 Internal Mic,Glock 17,9mm,28.34203166,-80.78160669,[1.75       1.98768707 2.26024943],3
/Users/borosabel/Documents/Uni/Thesis/PopMIR/Data/Audio/Gunshots/csv/edge-collected-gunshot-audio/edge-collected-gunshot-audio/glock_17_9mm(25).wav,14c90b51-6fac-410d-90b6-c85c66047de6,9mm,1,2021-11-15T12:53:05.129-04:00,,Galaxy S21 5G Raspberry Cake,Samsung,SM-G991U1,Samsung Galaxy S21 Internal Mic,Glock 17,9mm,28.34203166,-80.78160669,[1.63133787 2.49979592 2.94795918],3
/Users/borosabel/Documents/Uni/Thesis/PopMIR/Data/Audio/Gunshots/csv/edge-collected-gunshot-audio/edge-collected-gunshot-audio/glock_17_9mm(26).wav,25066e4e-4e6f-4b9b-abd2-c7b7369a639b,9mm,1,2021-11-15T12:54:47.652-04:00,0.147,Galaxy S21 5G Raspberry Cake,Samsung,SM-G991U1,Samsung Galaxy S21 Internal Mic,Glock 17,9mm,28.34203166,-80.78160669,[1.50206349 1.75       1.95494331 2.15666667 2.35845805],5
/Users/borosabel/Documents/Uni/Thesis/PopMIR/Data/Audio/Gunshots/csv/edge-collected-gunshot-audio/edge-collected-gunshot-audio/glock_17_9mm(27).wav,255ab69e-5714-438f-880f-4e129278f44a,9mm,1,2021-11-15T13:30:23.497-04:00,0.204999998,Galaxy S21 5G Raspberry Cake,Samsung,SM-G991U1,Samsung Galaxy S21 Internal Mic,Glock 17,9mm,28.34203166,-80.78160669,[1.75],1
/Users/borosabel/Documents/Uni/Thesis/PopMIR/Data/Audio/Gunshots/csv/edge-collected-gunshot-audio/edge-collected-gunshot-audio/glock_17_9mm(28).wav,85a24c95-5a49-469d-a5a1-d8ca7554b663,9mm,1,2021-11-15T13:30:50.382-04:00,,Galaxy S21 5G Raspberry Cake,Samsung,SM-G991U1,Samsung Galaxy S21 Internal Mic,Glock 17,9mm,28.34203166,-80.78160669,[1.75],1
/Users/borosabel/Documents/Uni/Thesis/PopMIR/Data/Audio/Gunshots/csv/edge-collected-gunshot-audio/edge-collected-gunshot-audio/glock_17_9mm(29).wav,e4f6ae86-2eda-4385-8d37-556bc806b983,9mm,1,2021-11-15T13:31:02.850-04:00,0.147,Galaxy S21 5G Raspberry Cake,Samsung,SM-G991U1,Samsung Galaxy S21 Internal Mic,Glock 17,9mm,28.34203166,-80.78160669,[1.75],1
/Users/borosabel/Documents/Uni/Thesis/PopMIR/Data/Audio/Gunshots/csv/edge-collected-gunshot-audio/edge-collected-gunshot-audio/glock_17_9mm(30).wav,1b95d8c1-35d7-4b0f-88f1-97696602a0d4,9mm,1,2021-11-15T13:31:37.351-04:00,0.141000003,Galaxy S21 5G Raspberry Cake,Samsung,SM-G991U1,Samsung Galaxy S21 Internal Mic,Glock 17,9mm,28.34203166,-80.78160669,[1.63451247],1
/Users/borosabel/Documents/Uni/Thesis/PopMIR/Data/Audio/Gunshots/csv/edge-collected-gunshot-audio/edge-collected-gunshot-audio/glock_17_9mm(31).wav,1b95d8c1-35d7-4b0f-88f1-97696602a0d4,9mm,1,2021-11-15T13:31:37.351-04:00,0.141000003,Galaxy S21 5G Raspberry Cake,Samsung,SM-G991U1,Samsung Galaxy S21 Internal Mic,Glock 17,9mm,28.34203166,-80.78160669,[1.75],1
/Users/borosabel/Documents/Uni/Thesis/PopMIR/Data/Audio/Gunshots/csv/edge-collected-gunshot-audio/edge-collected-gunshot-audio/glock_17_9mm(32).wav,0f9222e9-7896-4a30-b161-092a2931ebb8,9mm,1,2021-11-15T13:32:02.989-04:00,0.162,Galaxy S21 5G Raspberry Cake,Samsung,SM-G991U1,Samsung Galaxy S21 Internal Mic,Glock 17,9mm,28.34203166,-80.78160669,[0.29417234 1.95863946],2
/Users/borosabel/Documents/Uni/Thesis/PopMIR/Data/Audio/Gunshots/csv/edge-collected-gunshot-audio/edge-collected-gunshot-audio/glock_17_9mm(33).wav,0f9222e9-7896-4a30-b161-092a2931ebb8,9mm,1,2021-11-15T13:32:02.989-04:00,0.162,Galaxy S21 5G Raspberry Cake,Samsung,SM-G991U1,Samsung Galaxy S21 Internal Mic,Glock 17,9mm,28.34203166,-80.78160669,[1.59873016],1
/Users/borosabel/Documents/Uni/Thesis/PopMIR/Data/Audio/Gunshots/csv/edge-collected-gunshot-audio/edge-collected-gunshot-audio/glock_17_9mm(35).wav,0f9222e9-7896-4a30-b161-092a2931ebb8,9mm,1,2021-11-15T13:32:02.989-04:00,0.162,Galaxy S21 5G Raspberry Cake,Samsung,SM-G991U1,Samsung Galaxy S21 Internal Mic,Glock 17,9mm,28.34203166,-80.78160669,[0.2975737  1.63469388],2
/Users/borosabel/Documents/Uni/Thesis/PopMIR/Data/Audio/Gunshots/csv/edge-collected-gunshot-audio/edge-collected-gunshot-audio/glock_17_9mm(36).wav,0f9222e9-7896-4a30-b161-092a2931ebb8,9mm,1,2021-11-15T13:32:02.989-04:00,0.162,Galaxy S21 5G Raspberry Cake,Samsung,SM-G991U1,Samsung Galaxy S21 Internal Mic,Glock 17,9mm,28.34203166,-80.78160669,[0.14424036 1.75      ],2
/Users/borosabel/Documents/Uni/Thesis/PopMIR/Data/Audio/Gunshots/csv/edge-collected-gunshot-audio/edge-collected-gunshot-audio/glock_17_9mm(37).wav,0f9222e9-7896-4a30-b161-092a2931ebb8,9mm,1,2021-11-15T13:32:02.989-04:00,0.162,Galaxy S21 5G Raspberry Cake,Samsung,SM-G991U1,Samsung Galaxy S21 Internal Mic,Glock 17,9mm,28.34203166,-80.78160669,[0.34639456 1.63462585],2
/Users/borosabel/Documents/Uni/Thesis/PopMIR/Data/Audio/Gunshots/csv/edge-collected-gunshot-audio/edge-collected-gunshot-audio/glock_17_9mm(38).wav,0f9222e9-7896-4a30-b161-092a2931ebb8,9mm,1,2021-11-15T13:32:02.989-04:00,0.162,Galaxy S21 5G Raspberry Cake,Samsung,SM-G991U1,Samsung Galaxy S21 Internal Mic,Glock 17,9mm,28.34203166,-80.78160669,[0.50208617 1.73510204],2
/Users/borosabel/Documents/Uni/Thesis/PopMIR/Data/Audio/Gunshots/csv/edge-collected-gunshot-audio/edge-collected-gunshot-audio/glock_17_9mm(39).wav,0f9222e9-7896-4a30-b161-092a2931ebb8,9mm,1,2021-11-15T13:32:02.989-04:00,0.162,Galaxy S21 5G Raspberry Cake,Samsung,SM-G991U1,Samsung Galaxy S21 Internal Mic,Glock 17,9mm,28.34203166,-80.78160669,[0.04351474],1
/Users/borosabel/Documents/Uni/Thesis/PopMIR/Data/Audio/Gunshots/csv/edge-collected-gunshot-audio/edge-collected-gunshot-audio/glock_17_9mm(40).wav,0f9222e9-7896-4a30-b161-092a2931ebb8,9mm,1,2021-11-15T13:32:02.989-04:00,0.162,Galaxy S21 5G Raspberry Cake,Samsung,SM-G991U1,Samsung Galaxy S21 Internal Mic,Glock 17,9mm,28.34203166,-80.78160669,[1.5985034],1
/Users/borosabel/Documents/Uni/Thesis/PopMIR/Data/Audio/Gunshots/csv/edge-collected-gunshot-audio/edge-collected-gunshot-audio/glock_17_9mm(41).wav,7ad0b157-1fa7-44ec-a8e9-2de634a26a24,9mm,1,2021-11-15T12:46:29.820-04:00,-0.27700001,Galaxy S8 Chopin,Samsung,SM-G950U1,Samsung Galaxy S8 Internal Mic,Glock 17,9mm,28.34223103,-80.78170763,[1.62188209],1
/Users/borosabel/Documents/Uni/Thesis/PopMIR/Data/Audio/Gunshots/csv/edge-collected-gunshot-audio/edge-collected-gunshot-audio/glock_17_9mm(42).wav,3460a5b0-9f03-4e0e-a349-f3c8e79dbde0,9mm,1,2021-11-15T12:47:59.039-04:00,-0.238999993,Galaxy S8 Chopin,Samsung,SM-G950U1,Samsung Galaxy S8 Internal Mic,Glock 17,9mm,28.34223103,-80.78170763,[1.67798186],1
/Users/borosabel/Documents/Uni/Thesis/PopMIR/Data/Audio/Gunshots/csv/edge-collected-gunshot-audio/edge-collected-gunshot-audio/glock_17_9mm(43).wav,66df1957-e654-4539-917a-595adf735cdb,9mm,1,2021-11-15T12:50:21.355-04:00,-0.252999991,Galaxy S8 Chopin,Samsung,SM-G950U1,Samsung Galaxy S8 Internal Mic,Glock 17,9mm,28.34223103,-80.78170763,[1.67303855 3.5638322  5.48006803],3
/Users/borosabel/Documents/Uni/Thesis/PopMIR/Data/Audio/Gunshots/csv/edge-collected-gunshot-audio/edge-collected-gunshot-audio/glock_17_9mm(44).wav,f8769f1d-8071-46ec-a055-5f140a94cdfa,9mm,1,2021-11-15T12:51:48.413-04:00,,Galaxy S8 Chopin,Samsung,SM-G950U1,Samsung Galaxy S8 Internal Mic,Glock 17,9mm,28.34223103,-80.78170763,[1.51666667 1.75       2.02256236],3
/Users/borosabel/Documents/Uni/Thesis/PopMIR/Data/Audio/Gunshots/csv/edge-collected-gunshot-audio/edge-collected-gunshot-audio/glock_17_9mm(45).wav,33408bf1-622c-41f2-bb68-474b32cff9fb,9mm,1,2021-11-15T12:53:05.597-04:00,-0.25,Galaxy S8 Chopin,Samsung,SM-G950U1,Samsung Galaxy S8 Internal Mic,Glock 17,9mm,28.34223103,-80.78170763,[1.72099773 2.58507937 3.03750567],3
/Users/borosabel/Documents/Uni/Thesis/PopMIR/Data/Audio/Gunshots/csv/edge-collected-gunshot-audio/edge-collected-gunshot-audio/glock_17_9mm(46).wav,53000525-24f8-4e7b-b96e-0d15d6c1f2c3,9mm,1,2021-11-15T12:54:47.995-04:00,-0.238999993,Galaxy S8 Chopin,Samsung,SM-G950U1,Samsung Galaxy S8 Internal Mic,Glock 17,9mm,28.34223103,-80.78170763,[1.72097506 1.96460317 2.16954649 2.37129252 2.57310658],5
/Users/borosabel/Documents/Uni/Thesis/PopMIR/Data/Audio/Gunshots/csv/edge-collected-gunshot-audio/edge-collected-gunshot-audio/glock_17_9mm(47).wav,d3b21ae5-ad50-4b1a-a06b-9be63f42e33e,9mm,1,2021-11-15T13:30:23.922-04:00,-0.188999996,Galaxy S8 Chopin,Samsung,SM-G950U1,Samsung Galaxy S8 Internal Mic,Glock 17,9mm,28.34223103,-80.78170763,[0.29124717],1
/Users/borosabel/Documents/Uni/Thesis/PopMIR/Data/Audio/Gunshots/csv/edge-collected-gunshot-audio/edge-collected-gunshot-audio/glock_17_9mm(48).wav,dbaa31e2-dcae-44f3-98c1-7c820d128f78,9mm,1,2021-11-15T13:30:51.077-04:00,-0.202000007,Galaxy S8 Chopin,Samsung,SM-G950U1,Samsung Galaxy S8 Internal Mic,Glock 17,9mm,28.34223103,-80.78170763,[1.6676644],1
/Users/borosabel/Documents/Uni/Thesis/PopMIR/Data/Audio/Gunshots/csv/edge-collected-gunshot-audio/edge-collected-gunshot-audio/glock_17_9mm(49).wav,eb455e19-de3e-4198-accd-5aa97ffd1b78,9mm,1,2021-11-15T13:31:03.274-04:00,-0.218999997,Galaxy S8 Chopin,Samsung,SM-G950U1,Samsung Galaxy S8 Internal Mic,Glock 17,9mm,28.34223103,-80.78170763,[1.72081633],1
/Users/borosabel/Documents/Uni/Thesis/PopMIR/Data/Audio/Gunshots/csv/edge-collected-gunshot-audio/edge-collected-gunshot-audio/glock_17_9mm(50).wav,57732423-91a8-4d0f-b623-c9a61731b270,9mm,1,2021-11-15T13:31:37.890-04:00,-0.231999993,Galaxy S8 Chopin,Samsung,SM-G950U1,Samsung Galaxy S8 Internal Mic,Glock 17,9mm,28.34223103,-80.78170763,[1.7207483],1
/Users/borosabel/Documents/Uni/Thesis/PopMIR/Data/Audio/Gunshots/csv/edge-collected-gunshot-audio/edge-collected-gunshot-audio/glock_17_9mm(51).wav,57732423-91a8-4d0f-b623-c9a61731b270,9mm,1,2021-11-15T13:31:37.890-04:00,-0.231999993,Galaxy S8 Chopin,Samsung,SM-G950U1,Samsung Galaxy S8 Internal Mic,Glock 17,9mm,28.34223103,-80.78170763,[1.72088435],1
/Users/borosabel/Documents/Uni/Thesis/PopMIR/Data/Audio/Gunshots/csv/edge-collected-gunshot-audio/edge-collected-gunshot-audio/glock_17_9mm(52).wav,019439aa-e146-49da-b59c-28a594fba7e2,9mm,1,2021-11-15T13:32:03.398-04:00,-0.217999995,Galaxy S8 Chopin,Samsung,SM-G950U1,Samsung Galaxy S8 Internal Mic,Glock 17,9mm,28.34223103,-80.78170763,[0.08099773 1.74671202],2
/Users/borosabel/Documents/Uni/Thesis/PopMIR/Data/Audio/Gunshots/csv/edge-collected-gunshot-audio/edge-collected-gunshot-audio/glock_17_9mm(53).wav,019439aa-e146-49da-b59c-28a594fba7e2,9mm,1,2021-11-15T13:32:03.398-04:00,-0.217999995,Galaxy S8 Chopin,Samsung,SM-G950U1,Samsung Galaxy S8 Internal Mic,Glock 17,9mm,28.34223103,-80.78170763,[1.72063492],1
/Users/borosabel/Documents/Uni/Thesis/PopMIR/Data/Audio/Gunshots/csv/edge-collected-gunshot-audio/edge-collected-gunshot-audio/glock_17_9mm(54).wav,019439aa-e146-49da-b59c-28a594fba7e2,9mm,1,2021-11-15T13:32:03.398-04:00,-0.217999995,Galaxy S8 Chopin,Samsung,SM-G950U1,Samsung Galaxy S8 Internal Mic,Glock 17,9mm,28.34223103,-80.78170763,[0.00628118 1.71839002],2
/Users/borosabel/Documents/Uni/Thesis/PopMIR/Data/Audio/Gunshots/csv/edge-collected-gunshot-audio/edge-collected-gunshot-audio/glock_17_9mm(55).wav,019439aa-e146-49da-b59c-28a594fba7e2,9mm,1,2021-11-15T13:32:03.398-04:00,-0.217999995,Galaxy S8 Chopin,Samsung,SM-G950U1,Samsung Galaxy S8 Internal Mic,Glock 17,9mm,28.34223103,-80.78170763,[0.38353741 1.71659864],2
/Users/borosabel/Documents/Uni/Thesis/PopMIR/Data/Audio/Gunshots/csv/edge-collected-gunshot-audio/edge-collected-gunshot-audio/glock_17_9mm(56).wav,019439aa-e146-49da-b59c-28a594fba7e2,9mm,1,2021-11-15T13:32:03.398-04:00,-0.217999995,Galaxy S8 Chopin,Samsung,SM-G950U1,Samsung Galaxy S8 Internal Mic,Glock 17,9mm,28.34223103,-80.78170763,[0.1107483  1.72068027],2
/Users/borosabel/Documents/Uni/Thesis/PopMIR/Data/Audio/Gunshots/csv/edge-collected-gunshot-audio/edge-collected-gunshot-audio/glock_17_9mm(57).wav,019439aa-e146-49da-b59c-28a594fba7e2,9mm,1,2021-11-15T13:32:03.398-04:00,-0.217999995,Galaxy S8 Chopin,Samsung,SM-G950U1,Samsung Galaxy S8 Internal Mic,Glock 17,9mm,28.34223103,-80.78170763,[0.4323356  1.71927438],2
/Users/borosabel/Documents/Uni/Thesis/PopMIR/Data/Audio/Gunshots/csv/edge-collected-gunshot-audio/edge-collected-gunshot-audio/glock_17_9mm(58).wav,019439aa-e146-49da-b59c-28a594fba7e2,9mm,1,2021-11-15T13:32:03.398-04:00,-0.217999995,Galaxy S8 Chopin,Samsung,SM-G950U1,Samsung Galaxy S8 Internal Mic,Glock 17,9mm,28.34223103,-80.78170763,[0.51693878 1.75      ],2
/Users/borosabel/Documents/Uni/Thesis/PopMIR/Data/Audio/Gunshots/csv/edge-collected-gunshot-audio/edge-collected-gunshot-audio/glock_17_9mm(59).wav,019439aa-e146-49da-b59c-28a594fba7e2,9mm,1,2021-11-15T13:32:03.398-04:00,-0.217999995,Galaxy S8 Chopin,Samsung,SM-G950U1,Samsung Galaxy S8 Internal Mic,Glock 17,9mm,28.34223103,-80.78170763,[1.75],1
/Users/borosabel/Documents/Uni/Thesis/PopMIR/Data/Audio/Gunshots/csv/edge-collected-gunshot-audio/edge-collected-gunshot-audio/glock_17_9mm(61).wav,6247aabe-2569-424f-9e7a-11fc0cc26fda,9mm,1,2021-11-15T12:46:31.106-04:00,,Galaxy S9 Bach,Samsung,SM-G960U1,Samsung Galaxy S9 Internal Mic,Glock 17,9mm,28.34193779,-80.78176672,[1.75],1
/Users/borosabel/Documents/Uni/Thesis/PopMIR/Data/Audio/Gunshots/csv/edge-collected-gunshot-audio/edge-collected-gunshot-audio/glock_17_9mm(64).wav,ee3ef4e5-4462-40e8-9f4f-33e8b52def35,9mm,1,2021-11-15T12:50:22.821-04:00,-1.340000033,Galaxy S9 Bach,Samsung,SM-G960U1,Samsung Galaxy S9 Internal Mic,Glock 17,9mm,28.34193779,-80.78176672,[1.65589569],1
/Users/borosabel/Documents/Uni/Thesis/PopMIR/Data/Audio/Gunshots/csv/edge-collected-gunshot-audio/edge-collected-gunshot-audio/glock_17_9mm(66).wav,a17d9491-423f-48f1-871a-5c8067bbd35d,9mm,1,2021-11-15T12:51:50.235-04:00,-1.376000047,Galaxy S9 Bach,Samsung,SM-G960U1,Samsung Galaxy S9 Internal Mic,Glock 17,9mm,28.34193779,-80.78176672,[1.75       1.9869161  2.26024943],3
/Users/borosabel/Documents/Uni/Thesis/PopMIR/Data/Audio/Gunshots/csv/edge-collected-gunshot-audio/edge-collected-gunshot-audio/glock_17_9mm(67).wav,d3b74834-2a7b-4914-8829-fcf1e3a37ae7,9mm,1,2021-11-15T12:53:06.930-04:00,-1.351999998,Galaxy S9 Bach,Samsung,SM-G960U1,Samsung Galaxy S9 Internal Mic,Glock 17,9mm,28.34193779,-80.78176672,[0.88226757 1.75       2.19823129],3
/Users/borosabel/Documents/Uni/Thesis/PopMIR/Data/Audio/Gunshots/csv/edge-collected-gunshot-audio/edge-collected-gunshot-audio/glock_17_9mm(68).wav,be71307e-7b51-4b60-954a-d24ff75b0162,9mm,1,2021-11-15T12:54:49.156-04:00,,Galaxy S9 Bach,Samsung,SM-G960U1,Samsung Galaxy S9 Internal Mic,Glock 17,9mm,28.34193779,-80.78176672,[1.50122449 1.75       1.95496599 2.15587302 2.35768707],5
/Users/borosabel/Documents/Uni/Thesis/PopMIR/Data/Audio/Gunshots/csv/edge-collected-gunshot-audio/edge-collected-gunshot-audio/glock_17_9mm(72).wav,ba21cf97-f122-4ddd-b06d-1e1dc3600afb,9mm,1,2021-11-15T13:31:41.430-04:00,-1.738000035,Galaxy S9 Bach,Samsung,SM-G960U1,Samsung Galaxy S9 Internal Mic,Glock 17,9mm,28.34193779,-80.78176672,[1.75],1
/Users/borosabel/Documents/Uni/Thesis/PopMIR/Data/Audio/Gunshots/csv/edge-collected-gunshot-audio/edge-collected-gunshot-audio/glock_17_9mm(73).wav,ba21cf97-f122-4ddd-b06d-1e1dc3600afb,9mm,1,2021-11-15T13:31:41.430-04:00,-1.738000035,Galaxy S9 Bach,Samsung,SM-G960U1,Samsung Galaxy S9 Internal Mic,Glock 17,9mm,28.34193779,-80.78176672,[1.6537415],1
/Users/borosabel/Documents/Uni/Thesis/PopMIR/Data/Audio/Gunshots/csv/edge-collected-gunshot-audio/edge-collected-gunshot-audio/glock_17_9mm(74).wav,6470b3df-7bb5-408e-8678-082daf582df2,9mm,1,2021-11-15T13:32:07.976-04:00,-1.807000041,Galaxy S9 Bach,Samsung,SM-G960U1,Samsung Galaxy S9 Internal Mic,Glock 17,9mm,28.34193779,-80.78176672,"[ 1.4161678   3.27648526  4.61362812  6.21936508  7.50761905  8.7414059
 10.95519274]",7
/Users/borosabel/Documents/Uni/Thesis/PopMIR/Data/Audio/Gunshots/csv/edge-collected-gunshot-audio/edge-collected-gunshot-audio/glock_17_9mm(75).wav,9e0b526e-e70d-434b-9a54-36c2529338ea,9mm,1,2021-11-15T12:45:11.356-04:00,-0.560000002,Galaxy S9 Evans,Samsung,SM-G960U1,Samsung Galaxy S9 Internal Mic,Glock 17,9mm,28.34226262,-80.78141985,[1.68204082],1
/Users/borosabel/Documents/Uni/Thesis/PopMIR/Data/Audio/Gunshots/csv/edge-collected-gunshot-audio/edge-collected-gunshot-audio/glock_17_9mm(76).wav,261df355-2117-47fd-b48d-a2978969b866,9mm,1,2021-11-15T12:46:30.190-04:00,-0.646000028,Galaxy S9 Evans,Samsung,SM-G960U1,Samsung Galaxy S9 Internal Mic,Glock 17,9mm,28.34226262,-80.78141985,[1.71736961],1
/Users/borosabel/Documents/Uni/Thesis/PopMIR/Data/Audio/Gunshots/csv/edge-collected-gunshot-audio/edge-collected-gunshot-audio/glock_17_9mm(77).wav,babd14d1-b207-4585-9c31-53f759e45eec,9mm,1,2021-11-15T12:47:59.631-04:00,-0.58099997,Galaxy S9 Evans,Samsung,SM-G960U1,Samsung Galaxy S9 Internal Mic,Glock 17,9mm,28.34226262,-80.78141985,[1.75],1
/Users/borosabel/Documents/Uni/Thesis/PopMIR/Data/Audio/Gunshots/csv/edge-collected-gunshot-audio/edge-collected-gunshot-audio/glock_17_9mm(78).wav,8b94cbfb-1e86-4adb-a90a-1f485c39df9e,9mm,1,2021-11-15T12:50:21.899-04:00,,Galaxy S9 Evans,Samsung,SM-G960U1,Samsung Galaxy S9 Internal Mic,Glock 17,9mm,28.34226262,-80.78141985,[1.66185941 3.54947846 5.46909297],3
/Users/borosabel/Documents/Uni/Thesis/PopMIR/Data/Audio/Gunshots/csv/edge-collected-gunshot-audio/edge-collected-gunshot-audio/glock_17_9mm(79).wav,ec7abd44-1013-48d0-bc3a-dd8e0a40c49b,9mm,1,2021-11-15T12:51:49.068-04:00,1519152640.0,Galaxy S9 Evans,Samsung,SM-G960U1,Samsung Galaxy S9 Internal Mic,Glock 17,9mm,28.34226262,-80.78141985,[1.51235828 1.75       2.02256236],3
/Users/borosabel/Documents/Uni/Thesis/PopMIR/Data/Audio/Gunshots/csv/edge-collected-gunshot-audio/edge-collected-gunshot-audio/glock_17_9mm(80).wav,10b9773c-446d-4272-b88b-2f6af91dc413,9mm,1,2021-11-15T12:53:05.922-04:00,886172416.0,Galaxy S9 Evans,Samsung,SM-G960U1,Samsung Galaxy S9 Internal Mic,Glock 17,9mm,28.34226262,-80.78141985,[1.6615873  2.52997732 2.97818594],3
/Users/borosabel/Documents/Uni/Thesis/PopMIR/Data/Audio/Gunshots/csv/edge-collected-gunshot-audio/edge-collected-gunshot-audio/glock_17_9mm(81).wav,3fe57c53-ba00-4e91-b719-8239eebdbebd,9mm,1,2021-11-15T12:54:48.309-04:00,-0.526000023,Galaxy S9 Evans,Samsung,SM-G960U1,Samsung Galaxy S9 Internal Mic,Glock 17,9mm,28.34226262,-80.78141985,[1.66049887 1.9085034  2.11405896 2.31517007 2.51696145],5
/Users/borosabel/Documents/Uni/Thesis/PopMIR/Data/Audio/Gunshots/csv/edge-collected-gunshot-audio/edge-collected-gunshot-audio/glock_17_9mm(82).wav,954f92f3-f301-405f-8ab1-85adeb9df8eb,9mm,1,2021-11-15T13:30:24.310-04:00,-0.606999993,Galaxy S9 Evans,Samsung,SM-G960U1,Samsung Galaxy S9 Internal Mic,Glock 17,9mm,28.34226262,-80.78141985,[1.32995465],1
/Users/borosabel/Documents/Uni/Thesis/PopMIR/Data/Audio/Gunshots/csv/edge-collected-gunshot-audio/edge-collected-gunshot-audio/glock_17_9mm(83).wav,b5507c10-2cf1-4e65-8696-4ebcbde59485,9mm,1,2021-11-15T13:30:51.057-04:00,-0.601000011,Galaxy S9 Evans,Samsung,SM-G960U1,Samsung Galaxy S9 Internal Mic,Glock 17,9mm,28.34226262,-80.78141985,[1.60104308],1
/Users/borosabel/Documents/Uni/Thesis/PopMIR/Data/Audio/Gunshots/csv/edge-collected-gunshot-audio/edge-collected-gunshot-audio/glock_17_9mm(84).wav,188fea3b-1a81-4fd3-a4d2-4ed86107dc6e,9mm,1,2021-11-15T13:31:03.532-04:00,-0.59799999,Galaxy S9 Evans,Samsung,SM-G960U1,Samsung Galaxy S9 Internal Mic,Glock 17,9mm,28.34226262,-80.78141985,[1.75],1
/Users/borosabel/Documents/Uni/Thesis/PopMIR/Data/Audio/Gunshots/csv/edge-collected-gunshot-audio/edge-collected-gunshot-audio/glock_17_9mm(85).wav,880cac70-86c1-4369-8fce-808a92d86844,9mm,1,2021-11-15T13:31:38.260-04:00,-0.609000027,Galaxy S9 Evans,Samsung,SM-G960U1,Samsung Galaxy S9 Internal Mic,Glock 17,9mm,28.34226262,-80.78141985,[1.66430839],1
/Users/borosabel/Documents/Uni/Thesis/PopMIR/Data/Audio/Gunshots/csv/edge-collected-gunshot-audio/edge-collected-gunshot-audio/glock_17_9mm(86).wav,880cac70-86c1-4369-8fce-808a92d86844,9mm,1,2021-11-15T13:31:38.260-04:00,-0.609000027,Galaxy S9 Evans,Samsung,SM-G960U1,Samsung Galaxy S9 Internal Mic,Glock 17,9mm,28.34226262,-80.78141985,[1.71387755],1
/Users/borosabel/Documents/Uni/Thesis/PopMIR/Data/Audio/Gunshots/csv/edge-collected-gunshot-audio/edge-collected-gunshot-audio/glock_17_9mm(87).wav,24ed6f76-c141-4366-a98c-f09596a4e5c0,9mm,1,2021-11-15T13:32:03.794-04:00,,Galaxy S9 Evans,Samsung,SM-G960U1,Samsung Galaxy S9 Internal Mic,Glock 17,9mm,28.34226262,-80.78141985,[0.05312925 1.58988662],2
/Users/borosabel/Documents/Uni/Thesis/PopMIR/Data/Audio/Gunshots/csv/edge-collected-gunshot-audio/edge-collected-gunshot-audio/glock_17_9mm(88).wav,24ed6f76-c141-4366-a98c-f09596a4e5c0,9mm,1,2021-11-15T13:32:03.794-04:00,,Galaxy S9 Evans,Samsung,SM-G960U1,Samsung Galaxy S9 Internal Mic,Glock 17,9mm,28.34226262,-80.78141985,[1.66424036],1
/Users/borosabel/Documents/Uni/Thesis/PopMIR/Data/Audio/Gunshots/csv/edge-collected-gunshot-audio/edge-collected-gunshot-audio/glock_17_9mm(89).wav,24ed6f76-c141-4366-a98c-f09596a4e5c0,9mm,1,2021-11-15T13:32:03.794-04:00,,Galaxy S9 Evans,Samsung,SM-G960U1,Samsung Galaxy S9 Internal Mic,Glock 17,9mm,28.34226262,-80.78141985,[1.66424036],1
/Users/borosabel/Documents/Uni/Thesis/PopMIR/Data/Audio/Gunshots/csv/edge-collected-gunshot-audio/edge-collected-gunshot-audio/glock_17_9mm(90).wav,24ed6f76-c141-4366-a98c-f09596a4e5c0,9mm,1,2021-11-15T13:32:03.794-04:00,,Galaxy S9 Evans,Samsung,SM-G960U1,Samsung Galaxy S9 Internal Mic,Glock 17,9mm,28.34226262,-80.78141985,[0.32705215 1.66417234],2
/Users/borosabel/Documents/Uni/Thesis/PopMIR/Data/Audio/Gunshots/csv/edge-collected-gunshot-audio/edge-collected-gunshot-audio/glock_17_9mm(91).wav,24ed6f76-c141-4366-a98c-f09596a4e5c0,9mm,1,2021-11-15T13:32:03.794-04:00,,Galaxy S9 Evans,Samsung,SM-G960U1,Samsung Galaxy S9 Internal Mic,Glock 17,9mm,28.34226262,-80.78141985,[0.14414966 1.75      ],2
/Users/borosabel/Documents/Uni/Thesis/PopMIR/Data/Audio/Gunshots/csv/edge-collected-gunshot-audio/edge-collected-gunshot-audio/glock_17_9mm(92).wav,24ed6f76-c141-4366-a98c-f09596a4e5c0,9mm,1,2021-11-15T13:32:03.794-04:00,,Galaxy S9 Evans,Samsung,SM-G960U1,Samsung Galaxy S9 Internal Mic,Glock 17,9mm,28.34226262,-80.78141985,[0.46172336 1.75      ],2
/Users/borosabel/Documents/Uni/Thesis/PopMIR/Data/Audio/Gunshots/csv/edge-collected-gunshot-audio/edge-collected-gunshot-audio/glock_17_9mm(93).wav,24ed6f76-c141-4366-a98c-f09596a4e5c0,9mm,1,2021-11-15T13:32:03.794-04:00,,Galaxy S9 Evans,Samsung,SM-G960U1,Samsung Galaxy S9 Internal Mic,Glock 17,9mm,28.34226262,-80.78141985,[0.48097506 1.71732426],2
/Users/borosabel/Documents/Uni/Thesis/PopMIR/Data/Audio/Gunshots/csv/edge-collected-gunshot-audio/edge-collected-gunshot-audio/glock_17_9mm(94).wav,24ed6f76-c141-4366-a98c-f09596a4e5c0,9mm,1,2021-11-15T13:32:03.794-04:00,,Galaxy S9 Evans,Samsung,SM-G960U1,Samsung Galaxy S9 Internal Mic,Glock 17,9mm,28.34226262,-80.78141985,[1.71324263],1
/Users/borosabel/Documents/Uni/Thesis/PopMIR/Data/Audio/Gunshots/csv/edge-collected-gunshot-audio/edge-collected-gunshot-audio/glock_17_9mm(95).wav,d94fe70a-5f33-4b6a-be9d-8a219e20a181,9mm,1,2021-11-15T12:45:15.593-04:00,-4.722000122,Galaxy S9 Vivaldi,Samsung,SM-G960U1,Samsung Galaxy S9 Internal Mic,Glock 17,9mm,28.34189994,-80.78125318,[1.57927438],1
/Users/borosabel/Documents/Uni/Thesis/PopMIR/Data/Audio/Gunshots/csv/edge-collected-gunshot-audio/edge-collected-gunshot-audio/glock_17_9mm(96).wav,4e71b50f-beaa-47b3-bdc8-4aaefe9b65b6,9mm,1,2021-11-15T12:46:34.390-04:00,-4.722000122,Galaxy S9 Vivaldi,Samsung,SM-G960U1,Samsung Galaxy S9 Internal Mic,Glock 17,9mm,28.34189994,-80.78125318,[1.69505669],1
/Users/borosabel/Documents/Uni/Thesis/PopMIR/Data/Audio/Gunshots/csv/edge-collected-gunshot-audio/edge-collected-gunshot-audio/glock_17_9mm(97).wav,e4aadaa4-c923-40a3-9739-84d021e5be2d,9mm,1,2021-11-15T12:48:03.617-04:00,-4.717999935,Galaxy S9 Vivaldi,Samsung,SM-G960U1,Samsung Galaxy S9 Internal Mic,Glock 17,9mm,28.34189994,-80.78125318,[1.75],1
/Users/borosabel/Documents/Uni/Thesis/PopMIR/Data/Audio/Gunshots/csv/edge-collected-gunshot-audio/edge-collected-gunshot-audio/glock_17_9mm(98).wav,a48d81fc-4189-4475-9e37-c095b1156beb,9mm,1,2021-11-15T12:50:25.841-04:00,-4.703999996,Galaxy S9 Vivaldi,Samsung,SM-G960U1,Samsung Galaxy S9 Internal Mic,Glock 17,9mm,28.34189994,-80.78125318,[1.75       3.63743764 5.55705215],3
/Users/borosabel/Documents/Uni/Thesis/PopMIR/Data/Audio/Gunshots/csv/edge-collected-gunshot-audio/edge-collected-gunshot-audio/glock_17_9mm(99).wav,4e8d1acb-504a-4383-b51a-40919612aaa8,9mm,1,2021-11-15T12:51:53.277-04:00,-4.729000092,Galaxy S9 Vivaldi,Samsung,SM-G960U1,Samsung Galaxy S9 Internal Mic,Glock 17,9mm,28.34189994,-80.78125318,[1.51240363 1.75       2.02267574],3
/Users/borosabel/Documents/Uni/Thesis/PopMIR/Data/Audio/Gunshots/csv/edge-collected-gunshot-audio/edge-collected-gunshot-audio/glock_17_9mm(100).wav,38ca03e0-5aaa-44bb-b80e-34fd62bcf0c6,9mm,1,2021-11-15T12:53:10.024-04:00,-4.715000153,Galaxy S9 Vivaldi,Samsung,SM-G960U1,Samsung Galaxy S9 Internal Mic,Glock 17,9mm,28.34189994,-80.78125318,[1.75       2.61845805 3.06673469],3
/Users/borosabel/Documents/Uni/Thesis/PopMIR/Data/Audio/Gunshots/csv/edge-collected-gunshot-audio/edge-collected-gunshot-audio/glock_17_9mm(101).wav,a26d2b3f-2362-4eb1-a582-283e1a6d2044,9mm,1,2021-11-15T12:54:52.521-04:00,-4.723999977,Galaxy S9 Vivaldi,Samsung,SM-G960U1,Samsung Galaxy S9 Internal Mic,Glock 17,9mm,28.34189994,-80.78125318,[1.50201814 1.75       1.95496599 2.12950113 2.33081633],5
/Users/borosabel/Documents/Uni/Thesis/PopMIR/Data/Audio/Gunshots/csv/edge-collected-gunshot-audio/edge-collected-gunshot-audio/glock_17_9mm(102).wav,4a500aeb-23a6-4c3c-9438-1e05aeedaa68,9mm,1,2021-11-15T13:30:28.389-04:00,-4.717000008,Galaxy S9 Vivaldi,Samsung,SM-G960U1,Samsung Galaxy S9 Internal Mic,Glock 17,9mm,28.34189994,-80.78125318,[1.57353741],1
/Users/borosabel/Documents/Uni/Thesis/PopMIR/Data/Audio/Gunshots/csv/edge-collected-gunshot-audio/edge-collected-gunshot-audio/glock_17_9mm(104).wav,f415563d-f35f-45e6-a7cf-cc6308490880,9mm,1,2021-11-15T13:31:07.722-04:00,-4.725999832,Galaxy S9 Vivaldi,Samsung,SM-G960U1,Samsung Galaxy S9 Internal Mic,Glock 17,9mm,28.34189994,-80.78125318,[1.75],1
/Users/borosabel/Documents/Uni/Thesis/PopMIR/Data/Audio/Gunshots/csv/edge-collected-gunshot-audio/edge-collected-gunshot-audio/glock_17_9mm(105).wav,6709ef65-65be-4440-859e-750796573269,9mm,1,2021-11-15T13:31:42.214-04:00,-4.731999874,Galaxy S9 Vivaldi,Samsung,SM-G960U1,Samsung Galaxy S9 Internal Mic,Glock 17,9mm,28.34189994,-80.78125318,[1.74591837],1
/Users/borosabel/Documents/Uni/Thesis/PopMIR/Data/Audio/Gunshots/csv/edge-collected-gunshot-audio/edge-collected-gunshot-audio/glock_17_9mm(106).wav,6709ef65-65be-4440-859e-750796573269,9mm,1,2021-11-15T13:31:42.214-04:00,-4.731999874,Galaxy S9 Vivaldi,Samsung,SM-G960U1,Samsung Galaxy S9 Internal Mic,Glock 17,9mm,28.34189994,-80.78125318,[1.75],1
/Users/borosabel/Documents/Uni/Thesis/PopMIR/Data/Audio/Gunshots/csv/edge-collected-gunshot-audio/edge-collected-gunshot-audio/glock_17_9mm(107).wav,022dd50f-a4ee-4b33-b267-8df6e4e40f20,9mm,1,2021-11-15T13:32:07.935-04:00,-4.728000164,Galaxy S9 Vivaldi,Samsung,SM-G960U1,Samsung Galaxy S9 Internal Mic,Glock 17,9mm,28.34189994,-80.78125318,[0.08201814 1.74494331],2
/Users/borosabel/Documents/Uni/Thesis/PopMIR/Data/Audio/Gunshots/csv/edge-collected-gunshot-audio/edge-collected-gunshot-audio/glock_17_9mm(108).wav,022dd50f-a4ee-4b33-b267-8df6e4e40f20,9mm,1,2021-11-15T13:32:07.935-04:00,-4.728000164,Galaxy S9 Vivaldi,Samsung,SM-G960U1,Samsung Galaxy S9 Internal Mic,Glock 17,9mm,28.34189994,-80.78125318,[0.01478458 1.75      ],2
/Users/borosabel/Documents/Uni/Thesis/PopMIR/Data/Audio/Gunshots/csv/edge-collected-gunshot-audio/edge-collected-gunshot-audio/glock_17_9mm(109).wav,022dd50f-a4ee-4b33-b267-8df6e4e40f20,9mm,1,2021-11-15T13:32:07.935-04:00,-4.728000164,Galaxy S9 Vivaldi,Samsung,SM-G960U1,Samsung Galaxy S9 Internal Mic,Glock 17,9mm,28.34189994,-80.78125318,[0.35446712 1.69160998],2
/Users/borosabel/Documents/Uni/Thesis/PopMIR/Data/Audio/Gunshots/csv/edge-collected-gunshot-audio/edge-collected-gunshot-audio/glock_17_9mm(110).wav,022dd50f-a4ee-4b33-b267-8df6e4e40f20,9mm,1,2021-11-15T13:32:07.935-04:00,-4.728000164,Galaxy S9 Vivaldi,Samsung,SM-G960U1,Samsung Galaxy S9 Internal Mic,Glock 17,9mm,28.34189994,-80.78125318,[0.14417234 1.75      ],2
/Users/borosabel/Documents/Uni/Thesis/PopMIR/Data/Audio/Gunshots/csv/edge-collected-gunshot-audio/edge-collected-gunshot-audio/glock_17_9mm(111).wav,022dd50f-a4ee-4b33-b267-8df6e4e40f20,9mm,1,2021-11-15T13:32:07.935-04:00,-4.728000164,Galaxy S9 Vivaldi,Samsung,SM-G960U1,Samsung Galaxy S9 Internal Mic,Glock 17,9mm,28.34189994,-80.78125318,[0.46170068 1.75      ],2
/Users/borosabel/Documents/Uni/Thesis/PopMIR/Data/Audio/Gunshots/csv/edge-collected-gunshot-audio/edge-collected-gunshot-audio/glock_17_9mm(112).wav,022dd50f-a4ee-4b33-b267-8df6e4e40f20,9mm,1,2021-11-15T13:32:07.935-04:00,-4.728000164,Galaxy S9 Vivaldi,Samsung,SM-G960U1,Samsung Galaxy S9 Internal Mic,Glock 17,9mm,28.34189994,-80.78125318,[0.51716553 1.75      ],2
/Users/borosabel/Documents/Uni/Thesis/PopMIR/Data/Audio/Gunshots/csv/edge-collected-gunshot-audio/edge-collected-gunshot-audio/glock_17_9mm(113).wav,022dd50f-a4ee-4b33-b267-8df6e4e40f20,9mm,1,2021-11-15T13:32:07.935-04:00,-4.728000164,Galaxy S9 Vivaldi,Samsung,SM-G960U1,Samsung Galaxy S9 Internal Mic,Glock 17,9mm,28.34189994,-80.78125318,[1.75],1
/Users/borosabel/Documents/Uni/Thesis/PopMIR/Data/Audio/Gunshots/csv/edge-collected-gunshot-audio/edge-collected-gunshot-audio/glock_17_9mm(114).wav,022dd50f-a4ee-4b33-b267-8df6e4e40f20,9mm,1,2021-11-15T13:32:07.935-04:00,-4.728000164,Galaxy S9 Vivaldi,Samsung,SM-G960U1,Samsung Galaxy S9 Internal Mic,Glock 17,9mm,28.34189994,-80.78125318,[1.75],1
/Users/borosabel/Documents/Uni/Thesis/PopMIR/Data/Audio/Gunshots/csv/edge-collected-gunshot-audio/edge-collected-gunshot-audio/glock_17_9mm(206).wav,634b3867-947e-4884-a063-e903a674e36b,9mm,1,2021-11-15T11:44:39.323479-05:00,-0.039244405,P10,Raspberry Pi,Zero W,Galvanox USB-C Lavier Mic,Glock 17,9mm,28.34229439,-80.78160835,[1.65820862],1
/Users/borosabel/Documents/Uni/Thesis/PopMIR/Data/Audio/Gunshots/csv/edge-collected-gunshot-audio/edge-collected-gunshot-audio/glock_17_9mm(207).wav,e31def2b-3a48-4963-9538-b4b0f23f1bf2,9mm,1,2021-11-15T11:47:17.060091-05:00,-0.039223121,P10,Raspberry Pi,Zero W,Galvanox USB-C Lavier Mic,Glock 17,9mm,28.34229439,-80.78160835,[1.75],1
/Users/borosabel/Documents/Uni/Thesis/PopMIR/Data/Audio/Gunshots/csv/edge-collected-gunshot-audio/edge-collected-gunshot-audio/glock_17_9mm(208).wav,7299a191-0fe2-4e5f-95a0-9a96a80207b9,9mm,1,2021-11-15T11:49:58.267853-05:00,-0.039336005,P10,Raspberry Pi,Zero W,Galvanox USB-C Lavier Mic,Glock 17,9mm,28.34229439,-80.78160835,[1.75       3.63811791 5.5569161 ],3
/Users/borosabel/Documents/Uni/Thesis/PopMIR/Data/Audio/Gunshots/csv/edge-collected-gunshot-audio/edge-collected-gunshot-audio/glock_17_9mm(209).wav,1fbde55f-15ba-4137-9d20-c9ed6cbf0f06,9mm,1,2021-11-15T11:51:31.260293-05:00,-0.038793234,P10,Raspberry Pi,Zero W,Galvanox USB-C Lavier Mic,Glock 17,9mm,28.34229439,-80.78160835,[1.65902494 1.89585034 2.16884354],3
/Users/borosabel/Documents/Uni/Thesis/PopMIR/Data/Audio/Gunshots/csv/edge-collected-gunshot-audio/edge-collected-gunshot-audio/glock_17_9mm(210).wav,38b6848e-00da-4fd3-ac1d-5073cdbe0366,9mm,1,2021-11-15T11:52:48.826665-05:00,-0.03771388,P10,Raspberry Pi,Zero W,Galvanox USB-C Lavier Mic,Glock 17,9mm,28.34229439,-80.78160835,[1.64718821 2.51603175 2.96394558],3
/Users/borosabel/Documents/Uni/Thesis/PopMIR/Data/Audio/Gunshots/csv/edge-collected-gunshot-audio/edge-collected-gunshot-audio/glock_17_9mm(211).wav,f3c29a44-f637-4b08-9c47-e163484e267c,9mm,1,2021-11-15T11:54:31.923286-05:00,-0.039121188,P10,Raspberry Pi,Zero W,Galvanox USB-C Lavier Mic,Glock 17,9mm,28.34229439,-80.78160835,[1.50097506 1.749161   1.9539229  2.15643991 2.35791383],5
/Users/borosabel/Documents/Uni/Thesis/PopMIR/Data/Audio/Gunshots/csv/edge-collected-gunshot-audio/edge-collected-gunshot-audio/glock_17_9mm(212).wav,37dc7a62-1511-4902-a743-4233ddcc92ec,9mm,1,2021-11-15T12:30:06.844270-05:00,-0.054922333,P10,Raspberry Pi,Zero W,Galvanox USB-C Lavier Mic,Glock 17,9mm,28.34229439,-80.78160835,[1.6131746],1
/Users/borosabel/Documents/Uni/Thesis/PopMIR/Data/Audio/Gunshots/csv/edge-collected-gunshot-audio/edge-collected-gunshot-audio/glock_17_9mm(213).wav,4f7e0200-503d-4ae9-abfb-cbe61248d962,9mm,1,2021-11-15T12:30:45.373527-05:00,-0.055105448,P10,Raspberry Pi,Zero W,Galvanox USB-C Lavier Mic,Glock 17,9mm,28.34229439,-80.78160835,[1.70029478],1
/Users/borosabel/Documents/Uni/Thesis/PopMIR/Data/Audio/Gunshots/csv/edge-collected-gunshot-audio/edge-collected-gunshot-audio/glock_17_9mm(214).wav,1caa03da-206e-4289-b6cf-441c8ce0bbe4,9mm,1,2021-11-15T12:30:54.369056-05:00,-0.055117487,P10,Raspberry Pi,Zero W,Galvanox USB-C Lavier Mic,Glock 17,9mm,28.34229439,-80.78160835,[1.75],1
/Users/borosabel/Documents/Uni/Thesis/PopMIR/Data/Audio/Gunshots/csv/edge-collected-gunshot-audio/edge-collected-gunshot-audio/glock_17_9mm(215).wav,bc2ffbf7-02f2-43de-8d9a-92bcad324f61,9mm,1,2021-11-15T12:31:16.273310-05:00,-0.05543785,P10,Raspberry Pi,Zero W,Galvanox USB-C Lavier Mic,Glock 17,9mm,28.34229439,-80.78160835,[1.75],1
/Users/borosabel/Documents/Uni/Thesis/PopMIR/Data/Audio/Gunshots/csv/edge-collected-gunshot-audio/edge-collected-gunshot-audio/glock_17_9mm(216).wav,bc2ffbf7-02f2-43de-8d9a-92bcad324f61,9mm,1,2021-11-15T12:31:16.273310-05:00,-0.05543785,P10,Raspberry Pi,Zero W,Galvanox USB-C Lavier Mic,Glock 17,9mm,28.34229439,-80.78160835,[1.75],1
/Users/borosabel/Documents/Uni/Thesis/PopMIR/Data/Audio/Gunshots/csv/edge-collected-gunshot-audio/edge-collected-gunshot-audio/glock_17_9mm(217).wav,63ad0e9a-02d2-4b6c-9921-525767ab502b,9mm,1,2021-11-15T12:31:39.917009-05:00,-0.055617954,P10,Raspberry Pi,Zero W,Galvanox USB-C Lavier Mic,Glock 17,9mm,28.34229439,-80.78160835,[0.0630839  1.72739229],2
/Users/borosabel/Documents/Uni/Thesis/PopMIR/Data/Audio/Gunshots/csv/edge-collected-gunshot-audio/edge-collected-gunshot-audio/glock_17_9mm(218).wav,63ad0e9a-02d2-4b6c-9921-525767ab502b,9mm,1,2021-11-15T12:31:39.917009-05:00,-0.055617954,P10,Raspberry Pi,Zero W,Galvanox USB-C Lavier Mic,Glock 17,9mm,28.34229439,-80.78160835,"[ 1.75        3.60959184  4.9476644   6.55276644  7.65204082  8.81800454
  8.81873016 11.03222222]",8
/Users/borosabel/Documents/Uni/Thesis/PopMIR/Data/Audio/Gunshots/csv/edge-collected-gunshot-audio/edge-collected-gunshot-audio/glock_17_9mm(219).wav,efb94f95-0631-4fd6-a532-dc3876ac3368,9mm,1,2021-11-15T11:44:39.323917-05:00,-0.072629012,P11,Raspberry Pi,Zero W,Changeek Gooseneck USB microphone,Glock 17,9mm,28.34236845,-80.78128614,[1.75],1
/Users/borosabel/Documents/Uni/Thesis/PopMIR/Data/Audio/Gunshots/csv/edge-collected-gunshot-audio/edge-collected-gunshot-audio/glock_17_9mm(220).wav,f3a52aa2-4546-43d3-a78f-f25dee82cf57,9mm,1,2021-11-15T11:45:51.329714-05:00,-0.071823837,P11,Raspberry Pi,Zero W,Changeek Gooseneck USB microphone,Glock 17,9mm,28.34236845,-80.78128614,[1.75],1
/Users/borosabel/Documents/Uni/Thesis/PopMIR/Data/Audio/Gunshots/csv/edge-collected-gunshot-audio/edge-collected-gunshot-audio/glock_17_9mm(221).wav,1383f872-0338-4ca4-932c-d025fd10c8da,9mm,1,2021-11-15T11:47:17.032195-05:00,-0.071444475,P11,Raspberry Pi,Zero W,Changeek Gooseneck USB microphone,Glock 17,9mm,28.34236845,-80.78128614,[1.75],1
/Users/borosabel/Documents/Uni/Thesis/PopMIR/Data/Audio/Gunshots/csv/edge-collected-gunshot-audio/edge-collected-gunshot-audio/glock_17_9mm(222).wav,dd8382ec-b0e9-484a-be37-72d2a73b1ec8,9mm,1,2021-11-15T11:49:58.228184-05:00,-0.070232833,P11,Raspberry Pi,Zero W,Changeek Gooseneck USB microphone,Glock 17,9mm,28.34236845,-80.78128614,[1.75       3.48344671 5.04954649],3
/Users/borosabel/Documents/Uni/Thesis/PopMIR/Data/Audio/Gunshots/csv/edge-collected-gunshot-audio/edge-collected-gunshot-audio/glock_17_9mm(223).wav,0c4a24ea-01ed-4450-bf9c-fe9562a39730,9mm,1,2021-11-15T11:51:31.202953-05:00,-0.06971918,P11,Raspberry Pi,Zero W,Changeek Gooseneck USB microphone,Glock 17,9mm,28.34236845,-80.78128614,[1.53183673 1.75       2.00034014],3
/Users/borosabel/Documents/Uni/Thesis/PopMIR/Data/Audio/Gunshots/csv/edge-collected-gunshot-audio/edge-collected-gunshot-audio/glock_17_9mm(224).wav,44909f1f-a85b-4743-aba0-69f9861e1a95,9mm,1,2021-11-15T11:52:48.853289-05:00,-0.068972838,P11,Raspberry Pi,Zero W,Changeek Gooseneck USB microphone,Glock 17,9mm,28.34236845,-80.78128614,[1.75       2.54743764 2.95913832],3
/Users/borosabel/Documents/Uni/Thesis/PopMIR/Data/Audio/Gunshots/csv/edge-collected-gunshot-audio/edge-collected-gunshot-audio/glock_17_9mm(225).wav,64f40277-43f3-46d4-ba9b-9552e2123cd8,9mm,1,2021-11-15T11:54:31.883339-05:00,-0.068605292,P11,Raspberry Pi,Zero W,Changeek Gooseneck USB microphone,Glock 17,9mm,28.34236845,-80.78128614,[1.52240363 1.75       1.93829932 2.11156463],4
/Users/borosabel/Documents/Uni/Thesis/PopMIR/Data/Audio/Gunshots/csv/edge-collected-gunshot-audio/edge-collected-gunshot-audio/glock_17_9mm(226).wav,8fa1765a-14c8-4d9b-bad0-553193e00b55,9mm,1,2021-11-15T12:30:45.298258-05:00,-0.054607698,P11,Raspberry Pi,Zero W,Changeek Gooseneck USB microphone,Glock 17,9mm,28.34236845,-80.78128614,[1.44024943],1
/Users/borosabel/Documents/Uni/Thesis/PopMIR/Data/Audio/Gunshots/csv/edge-collected-gunshot-audio/edge-collected-gunshot-audio/glock_17_9mm(227).wav,6f4ec5e4-de4a-4de7-bf2d-301b27d3f82f,9mm,1,2021-11-15T12:30:54.304007-05:00,-0.054511292,P11,Raspberry Pi,Zero W,Changeek Gooseneck USB microphone,Glock 17,9mm,28.34236845,-80.78128614,[1.75],1
/Users/borosabel/Documents/Uni/Thesis/PopMIR/Data/Audio/Gunshots/csv/edge-collected-gunshot-audio/edge-collected-gunshot-audio/glock_17_9mm(228).wav,d41d4367-070a-48f8-b457-7f0897caea99,9mm,1,2021-11-15T12:31:16.203246-05:00,-0.054216336,P11,Raspberry Pi,Zero W,Changeek Gooseneck USB microphone,Glock 17,9mm,28.34236845,-80.78128614,[1.75],1
/Users/borosabel/Documents/Uni/Thesis/PopMIR/Data/Audio/Gunshots/csv/edge-collected-gunshot-audio/edge-collected-gunshot-audio/glock_17_9mm(229).wav,d41d4367-070a-48f8-b457-7f0897caea99,9mm,1,2021-11-15T12:31:16.203246-05:00,-0.054216336,P11,Raspberry Pi,Zero W,Changeek Gooseneck USB microphone,Glock 17,9mm,28.34236845,-80.78128614,[1.69671202],1
/Users/borosabel/Documents/Uni/Thesis/PopMIR/Data/Audio/Gunshots/csv/edge-collected-gunshot-audio/edge-collected-gunshot-audio/glock_17_9mm(230).wav,53bcb695-4358-46b3-9f96-d2d2a07bfb87,9mm,1,2021-11-15T12:31:39.770479-05:00,-0.054258802,P11,Raspberry Pi,Zero W,Changeek Gooseneck USB microphone,Glock 17,9mm,28.34236845,-80.78128614,[0.18809524 1.47718821],2
/Users/borosabel/Documents/Uni/Thesis/PopMIR/Data/Audio/Gunshots/csv/edge-collected-gunshot-audio/edge-collected-gunshot-audio/glock_17_9mm(231).wav,53bcb695-4358-46b3-9f96-d2d2a07bfb87,9mm,1,2021-11-15T12:31:39.770479-05:00,-0.054258802,P11,Raspberry Pi,Zero W,Changeek Gooseneck USB microphone,Glock 17,9mm,28.34236845,-80.78128614,[1.69696145 3.20548753 4.4330839  5.71444444 6.70321995 7.91748299],6
/Users/borosabel/Documents/Uni/Thesis/PopMIR/Data/Audio/Gunshots/csv/edge-collected-gunshot-audio/edge-collected-gunshot-audio/glock_17_9mm(232).wav,53bcb695-4358-46b3-9f96-d2d2a07bfb87,9mm,1,2021-11-15T12:31:39.770479-05:00,-0.054258802,P11,Raspberry Pi,Zero W,Changeek Gooseneck USB microphone,Glock 17,9mm,28.34236845,-80.78128614,[1.75],1
/Users/borosabel/Documents/Uni/Thesis/PopMIR/Data/Audio/Gunshots/csv/edge-collected-gunshot-audio/edge-collected-gunshot-audio/glock_17_9mm(233).wav,3d9e54b9-d9ad-4ed9-acb9-3af327860876,9mm,1,2021-11-15T11:44:39.587343-05:00,-0.060392423,P12,Raspberry Pi,Zero W,Galvanox USB-C Lavier Mic,Glock 17,9mm,28.34203628,-80.78152815,[1.75],1
/Users/borosabel/Documents/Uni/Thesis/PopMIR/Data/Audio/Gunshots/csv/edge-collected-gunshot-audio/edge-collected-gunshot-audio/glock_17_9mm(234).wav,8eb79d18-178a-4095-9d7b-fd2bf513646e,9mm,1,2021-11-15T11:45:51.181291-05:00,-0.060657379,P12,Raspberry Pi,Zero W,Galvanox USB-C Lavier Mic,Glock 17,9mm,28.34203628,-80.78152815,[1.75],1
/Users/borosabel/Documents/Uni/Thesis/PopMIR/Data/Audio/Gunshots/csv/edge-collected-gunshot-audio/edge-collected-gunshot-audio/glock_17_9mm(235).wav,c52bfe4e-2a1d-44ca-9bfc-400bbf50d6a7,9mm,1,2021-11-15T11:47:17.056278-05:00,-0.060537977,P12,Raspberry Pi,Zero W,Galvanox USB-C Lavier Mic,Glock 17,9mm,28.34203628,-80.78152815,[1.75],1
/Users/borosabel/Documents/Uni/Thesis/PopMIR/Data/Audio/Gunshots/csv/edge-collected-gunshot-audio/edge-collected-gunshot-audio/glock_17_9mm(236).wav,ac725365-989d-488e-b4ce-ebdcb3019017,9mm,1,2021-11-15T11:49:58.164005-05:00,-0.058266578,P12,Raspberry Pi,Zero W,Galvanox USB-C Lavier Mic,Glock 17,9mm,28.34203628,-80.78152815,[1.75       3.63736961],2
/Users/borosabel/Documents/Uni/Thesis/PopMIR/Data/Audio/Gunshots/csv/edge-collected-gunshot-audio/edge-collected-gunshot-audio/glock_17_9mm(238).wav,bddfd129-17e2-4775-bd7e-6039dbb24cb3,9mm,1,2021-11-15T11:52:48.733825-05:00,-0.056820791,P12,Raspberry Pi,Zero W,Galvanox USB-C Lavier Mic,Glock 17,9mm,28.34203628,-80.78152815,[1.75       2.61761905 3.06632653],3
/Users/borosabel/Documents/Uni/Thesis/PopMIR/Data/Audio/Gunshots/csv/edge-collected-gunshot-audio/edge-collected-gunshot-audio/glock_17_9mm(239).wav,210335ee-a2b0-411e-93de-86aaecd2c2c2,9mm,1,2021-11-15T11:54:31.904614-05:00,-0.056993355,P12,Raspberry Pi,Zero W,Galvanox USB-C Lavier Mic,Glock 17,9mm,28.34203628,-80.78152815,[1.50147392 1.75       1.95716553 2.16263039 2.35807256],5
/Users/borosabel/Documents/Uni/Thesis/PopMIR/Data/Audio/Gunshots/csv/edge-collected-gunshot-audio/edge-collected-gunshot-audio/glock_17_9mm(240).wav,f1db7885-7624-4e85-a882-febd1482d0eb,9mm,1,2021-11-15T12:30:06.966238-05:00,-0.0478013,P12,Raspberry Pi,Zero W,Galvanox USB-C Lavier Mic,Glock 17,9mm,28.34203628,-80.78152815,[1.31492063],1
/Users/borosabel/Documents/Uni/Thesis/PopMIR/Data/Audio/Gunshots/csv/edge-collected-gunshot-audio/edge-collected-gunshot-audio/glock_17_9mm(241).wav,9f2b713a-fa24-4b4e-a637-5e37278b893a,9mm,1,2021-11-15T12:30:45.275609-05:00,-0.047695634,P12,Raspberry Pi,Zero W,Galvanox USB-C Lavier Mic,Glock 17,9mm,28.34203628,-80.78152815,[1.67399093],1
/Users/borosabel/Documents/Uni/Thesis/PopMIR/Data/Audio/Gunshots/csv/edge-collected-gunshot-audio/edge-collected-gunshot-audio/glock_17_9mm(242).wav,894865fa-9e6a-4311-b378-142d65fadc05,9mm,1,2021-11-15T12:30:54.265105-05:00,-0.047564647,P12,Raspberry Pi,Zero W,Galvanox USB-C Lavier Mic,Glock 17,9mm,28.34203628,-80.78152815,[1.75],1
/Users/borosabel/Documents/Uni/Thesis/PopMIR/Data/Audio/Gunshots/csv/edge-collected-gunshot-audio/edge-collected-gunshot-audio/glock_17_9mm(243).wav,7f307f6f-c8a2-4a29-a750-eee5fced123c,9mm,1,2021-11-15T12:31:16.190439-05:00,-0.046740708,P12,Raspberry Pi,Zero W,Galvanox USB-C Lavier Mic,Glock 17,9mm,28.34203628,-80.78152815,[1.75],1
/Users/borosabel/Documents/Uni/Thesis/PopMIR/Data/Audio/Gunshots/csv/edge-collected-gunshot-audio/edge-collected-gunshot-audio/glock_17_9mm(244).wav,7f307f6f-c8a2-4a29-a750-eee5fced123c,9mm,1,2021-11-15T12:31:16.190439-05:00,-0.046740708,P12,Raspberry Pi,Zero W,Galvanox USB-C Lavier Mic,Glock 17,9mm,28.34203628,-80.78152815,[1.75],1
/Users/borosabel/Documents/Uni/Thesis/PopMIR/Data/Audio/Gunshots/csv/edge-collected-gunshot-audio/edge-collected-gunshot-audio/glock_17_9mm(245).wav,98a2ac43-5916-4499-9763-a43de5e1b4d6,9mm,1,2021-11-15T12:31:39.734681-05:00,-0.046744667,P12,Raspberry Pi,Zero W,Galvanox USB-C Lavier Mic,Glock 17,9mm,28.34203628,-80.78152815,[0.11569161 1.78013605],2
/Users/borosabel/Documents/Uni/Thesis/PopMIR/Data/Audio/Gunshots/csv/edge-collected-gunshot-audio/edge-collected-gunshot-audio/glock_17_9mm(246).wav,98a2ac43-5916-4499-9763-a43de5e1b4d6,9mm,1,2021-11-15T12:31:39.734681-05:00,-0.046744667,P12,Raspberry Pi,Zero W,Galvanox USB-C Lavier Mic,Glock 17,9mm,28.34203628,-80.78152815,[1.75       3.60927438 4.94634921 6.55292517 7.6907483  9.91174603],6
/Users/borosabel/Documents/Uni/Thesis/PopMIR/Data/Audio/Gunshots/csv/edge-collected-gunshot-audio/edge-collected-gunshot-audio/glock_17_9mm(247).wav,06e7af3f-05cf-4170-9d51-9cc5ad5ab502,9mm,1,2021-11-15T11:44:39.317294-05:00,-0.051397386,P13,Raspberry Pi,Zero W,Galvanox USB-C Lavier Mic,Glock 17,9mm,28.34187424,-80.78182843,[1.75],1
/Users/borosabel/Documents/Uni/Thesis/PopMIR/Data/Audio/Gunshots/csv/edge-collected-gunshot-audio/edge-collected-gunshot-audio/glock_17_9mm(248).wav,22bd6a08-ba31-4ec3-b823-7a1edd7fe99f,9mm,1,2021-11-15T11:45:51.386951-05:00,-0.05107249,P13,Raspberry Pi,Zero W,Galvanox USB-C Lavier Mic,Glock 17,9mm,28.34187424,-80.78182843,[1.75],1
/Users/borosabel/Documents/Uni/Thesis/PopMIR/Data/Audio/Gunshots/csv/edge-collected-gunshot-audio/edge-collected-gunshot-audio/glock_17_9mm(249).wav,394e9cea-0064-4954-9758-5ed7158bc06a,9mm,1,2021-11-15T11:47:17.053552-05:00,-0.050768987,P13,Raspberry Pi,Zero W,Galvanox USB-C Lavier Mic,Glock 17,9mm,28.34187424,-80.78182843,[1.75],1
/Users/borosabel/Documents/Uni/Thesis/PopMIR/Data/Audio/Gunshots/csv/edge-collected-gunshot-audio/edge-collected-gunshot-audio/glock_17_9mm(250).wav,3e29af22-dbee-4c22-8ef9-a4d5165d5ad3,9mm,1,2021-11-15T11:49:58.246547-05:00,-0.04953225,P13,Raspberry Pi,Zero W,Galvanox USB-C Lavier Mic,Glock 17,9mm,28.34187424,-80.78182843,[1.6277551  3.51530612 5.43485261],3
/Users/borosabel/Documents/Uni/Thesis/PopMIR/Data/Audio/Gunshots/csv/edge-collected-gunshot-audio/edge-collected-gunshot-audio/glock_17_9mm(251).wav,6e57a74f-aa42-4375-9e8d-5eb865a6515e,9mm,1,2021-11-15T11:51:31.250682-05:00,-0.049612766,P13,Raspberry Pi,Zero W,Galvanox USB-C Lavier Mic,Glock 17,9mm,28.34187424,-80.78182843,[1.75       1.98750567 2.25961451],3
/Users/borosabel/Documents/Uni/Thesis/PopMIR/Data/Audio/Gunshots/csv/edge-collected-gunshot-audio/edge-collected-gunshot-audio/glock_17_9mm(252).wav,c3e5c5da-6d44-4148-9769-559af37f1fe8,9mm,1,2021-11-15T11:52:48.793529-05:00,-0.049235658,P13,Raspberry Pi,Zero W,Galvanox USB-C Lavier Mic,Glock 17,9mm,28.34187424,-80.78182843,[1.75       2.61768707 3.06662132],3
/Users/borosabel/Documents/Uni/Thesis/PopMIR/Data/Audio/Gunshots/csv/edge-collected-gunshot-audio/edge-collected-gunshot-audio/glock_17_9mm(253).wav,cca01172-b8e7-47a2-9312-e543f925c811,9mm,1,2021-11-15T11:54:31.905788-05:00,-0.049189416,P13,Raspberry Pi,Zero W,Galvanox USB-C Lavier Mic,Glock 17,9mm,28.34187424,-80.78182843,[1.75       2.00603175 2.21151927 2.41312925 2.61480726],5
/Users/borosabel/Documents/Uni/Thesis/PopMIR/Data/Audio/Gunshots/csv/edge-collected-gunshot-audio/edge-collected-gunshot-audio/glock_17_9mm(254).wav,cd3b2d1d-9cd9-4d80-91f2-e6b2d5eec8e5,9mm,1,2021-11-15T12:30:45.318374-05:00,-0.052896402,P13,Raspberry Pi,Zero W,Galvanox USB-C Lavier Mic,Glock 17,9mm,28.34187424,-80.78182843,[1.64204082],1
/Users/borosabel/Documents/Uni/Thesis/PopMIR/Data/Audio/Gunshots/csv/edge-collected-gunshot-audio/edge-collected-gunshot-audio/glock_17_9mm(255).wav,210e3485-a655-4ade-b23f-74786943b62e,9mm,1,2021-11-15T12:30:54.316448-05:00,-0.052831088,P13,Raspberry Pi,Zero W,Galvanox USB-C Lavier Mic,Glock 17,9mm,28.34187424,-80.78182843,[1.63013605],1
/Users/borosabel/Documents/Uni/Thesis/PopMIR/Data/Audio/Gunshots/csv/edge-collected-gunshot-audio/edge-collected-gunshot-audio/glock_17_9mm(256).wav,7bf0aede-a406-4fd5-9ed2-557755d462b0,9mm,1,2021-11-15T12:31:16.203910-05:00,-0.052844356,P13,Raspberry Pi,Zero W,Galvanox USB-C Lavier Mic,Glock 17,9mm,28.34187424,-80.78182843,[1.6285941],1
/Users/borosabel/Documents/Uni/Thesis/PopMIR/Data/Audio/Gunshots/csv/edge-collected-gunshot-audio/edge-collected-gunshot-audio/glock_17_9mm(257).wav,7bf0aede-a406-4fd5-9ed2-557755d462b0,9mm,1,2021-11-15T12:31:16.203910-05:00,-0.052844356,P13,Raspberry Pi,Zero W,Galvanox USB-C Lavier Mic,Glock 17,9mm,28.34187424,-80.78182843,[1.62911565],1
/Users/borosabel/Documents/Uni/Thesis/PopMIR/Data/Audio/Gunshots/csv/edge-collected-gunshot-audio/edge-collected-gunshot-audio/glock_17_9mm(258).wav,41b3d578-a45b-42a1-bc16-14894750debb,9mm,1,2021-11-15T12:31:39.770231-05:00,-0.052492808,P13,Raspberry Pi,Zero W,Galvanox USB-C Lavier Mic,Glock 17,9mm,28.34187424,-80.78182843,[0.22494331 1.89058957],2
/Users/borosabel/Documents/Uni/Thesis/PopMIR/Data/Audio/Gunshots/csv/edge-collected-gunshot-audio/edge-collected-gunshot-audio/glock_17_9mm(259).wav,41b3d578-a45b-42a1-bc16-14894750debb,9mm,1,2021-11-15T12:31:39.770231-05:00,-0.052492808,P13,Raspberry Pi,Zero W,Galvanox USB-C Lavier Mic,Glock 17,9mm,28.34187424,-80.78182843,"[ 1.75        3.60818594  4.94714286  6.55251701  7.49800454  8.72852608
 10.72723356]",7
/Users/borosabel/Documents/Uni/Thesis/PopMIR/Data/Audio/Gunshots/csv/edge-collected-gunshot-audio/edge-collected-gunshot-audio/glock_17_9mm(620).wav,54c1f836-9209-4844-80c7-f20f34d0981c,9mm,1,2021-11-15T11:45:51.335256-05:00,-0.03192722,P4,Raspberry Pi,Zero W,ReSpeaker 2-Mics Pi HAT,Glock 17,9mm,28.34221011,-80.78156577,[1.57038549],1
/Users/borosabel/Documents/Uni/Thesis/PopMIR/Data/Audio/Gunshots/csv/edge-collected-gunshot-audio/edge-collected-gunshot-audio/glock_17_9mm(621).wav,219dffda-efcf-4046-b07a-27b55829b8b1,9mm,1,2021-11-15T11:49:58.223837-05:00,-0.02770242,P4,Raspberry Pi,Zero W,ReSpeaker 2-Mics Pi HAT,Glock 17,9mm,28.34221011,-80.78156577,[1.70285714],1
/Users/borosabel/Documents/Uni/Thesis/PopMIR/Data/Audio/Gunshots/csv/edge-collected-gunshot-audio/edge-collected-gunshot-audio/glock_17_9mm(622).wav,219dffda-efcf-4046-b07a-27b55829b8b1,9mm,1,2021-11-15T11:49:58.223837-05:00,-0.02770242,P4,Raspberry Pi,Zero W,ReSpeaker 2-Mics Pi HAT,Glock 17,9mm,28.34221011,-80.78156577,[0.05326531 1.75       3.51344671],3
/Users/borosabel/Documents/Uni/Thesis/PopMIR/Data/Audio/Gunshots/csv/edge-collected-gunshot-audio/edge-collected-gunshot-audio/glock_17_9mm(623).wav,48e70f7b-e1e0-447a-b5ec-9ca1a0161a7f,9mm,1,2021-11-15T11:51:31.193961-05:00,-0.027292953,P4,Raspberry Pi,Zero W,ReSpeaker 2-Mics Pi HAT,Glock 17,9mm,28.34221011,-80.78156577,[1.74505669 2.07712018 2.24687075],3
/Users/borosabel/Documents/Uni/Thesis/PopMIR/Data/Audio/Gunshots/csv/edge-collected-gunshot-audio/edge-collected-gunshot-audio/glock_17_9mm(624).wav,48e70f7b-e1e0-447a-b5ec-9ca1a0161a7f,9mm,1,2021-11-15T11:51:31.193961-05:00,-0.027292953,P4,Raspberry Pi,Zero W,ReSpeaker 2-Mics Pi HAT,Glock 17,9mm,28.34221011,-80.78156577,[1.52641723 1.7422449  1.99260771],3
/Users/borosabel/Documents/Uni/Thesis/PopMIR/Data/Audio/Gunshots/csv/edge-collected-gunshot-audio/edge-collected-gunshot-audio/glock_17_9mm(625).wav,0bf6802f-32e1-40d2-99d5-b9f893526cdc,9mm,1,2021-11-15T11:52:48.771522-05:00,-0.027149366,P4,Raspberry Pi,Zero W,ReSpeaker 2-Mics Pi HAT,Glock 17,9mm,28.34221011,-80.78156577,[1.60217687 2.81056689],2
/Users/borosabel/Documents/Uni/Thesis/PopMIR/Data/Audio/Gunshots/csv/edge-collected-gunshot-audio/edge-collected-gunshot-audio/glock_17_9mm(626).wav,0bf6802f-32e1-40d2-99d5-b9f893526cdc,9mm,1,2021-11-15T11:52:48.771522-05:00,-0.027149366,P4,Raspberry Pi,Zero W,ReSpeaker 2-Mics Pi HAT,Glock 17,9mm,28.34221011,-80.78156577,[1.61151927 2.40886621 2.8214966 ],3
/Users/borosabel/Documents/Uni/Thesis/PopMIR/Data/Audio/Gunshots/csv/edge-collected-gunshot-audio/edge-collected-gunshot-audio/glock_17_9mm(627).wav,0bf6802f-32e1-40d2-99d5-b9f893526cdc,9mm,1,2021-11-15T11:52:48.771522-05:00,-0.027149366,P4,Raspberry Pi,Zero W,ReSpeaker 2-Mics Pi HAT,Glock 17,9mm,28.34221011,-80.78156577,[1.57854875 2.37492063 2.78666667],3
/Users/borosabel/Documents/Uni/Thesis/PopMIR/Data/Audio/Gunshots/csv/edge-collected-gunshot-audio/edge-collected-gunshot-audio/glock_17_9mm(628).wav,4a128997-7f4e-4e11-8136-69c778f6711c,9mm,1,2021-11-15T11:54:32.000148-05:00,-0.027444264,P4,Raspberry Pi,Zero W,ReSpeaker 2-Mics Pi HAT,Glock 17,9mm,28.34221011,-80.78156577,[1.75       1.86918367 2.29045351 2.44714286 2.76358277],5
/Users/borosabel/Documents/Uni/Thesis/PopMIR/Data/Audio/Gunshots/csv/edge-collected-gunshot-audio/edge-collected-gunshot-audio/glock_17_9mm(629).wav,4a128997-7f4e-4e11-8136-69c778f6711c,9mm,1,2021-11-15T11:54:32.000148-05:00,-0.027444264,P4,Raspberry Pi,Zero W,ReSpeaker 2-Mics Pi HAT,Glock 17,9mm,28.34221011,-80.78156577,[1.49886621 1.75       1.9038322  2.20614512 2.42743764],5
/Users/borosabel/Documents/Uni/Thesis/PopMIR/Data/Audio/Gunshots/csv/edge-collected-gunshot-audio/edge-collected-gunshot-audio/glock_17_9mm(630).wav,4a128997-7f4e-4e11-8136-69c778f6711c,9mm,1,2021-11-15T11:54:32.000148-05:00,-0.027444264,P4,Raspberry Pi,Zero W,ReSpeaker 2-Mics Pi HAT,Glock 17,9mm,28.34221011,-80.78156577,[1.74945578 2.11208617 2.28555556 2.45664399 2.65410431],5
/Users/borosabel/Documents/Uni/Thesis/PopMIR/Data/Audio/Gunshots/csv/edge-collected-gunshot-audio/edge-collected-gunshot-audio/glock_17_9mm(631).wav,f0132c12-d82b-488a-8cfa-8b8efd7259cc,9mm,1,2021-11-15T12:30:06.788621-05:00,-0.035420909,P4,Raspberry Pi,Zero W,ReSpeaker 2-Mics Pi HAT,Glock 17,9mm,28.34221011,-80.78156577,[1.58986395],1
/Users/borosabel/Documents/Uni/Thesis/PopMIR/Data/Audio/Gunshots/csv/edge-collected-gunshot-audio/edge-collected-gunshot-audio/glock_17_9mm(632).wav,89d8058c-af35-4851-90e4-44aa7dcb8690,9mm,1,2021-11-15T12:30:45.319059-05:00,-0.035081241,P4,Raspberry Pi,Zero W,ReSpeaker 2-Mics Pi HAT,Glock 17,9mm,28.34221011,-80.78156577,[1.47621315],1
/Users/borosabel/Documents/Uni/Thesis/PopMIR/Data/Audio/Gunshots/csv/edge-collected-gunshot-audio/edge-collected-gunshot-audio/glock_17_9mm(633).wav,89d8058c-af35-4851-90e4-44aa7dcb8690,9mm,1,2021-11-15T12:30:45.319059-05:00,-0.035081241,P4,Raspberry Pi,Zero W,ReSpeaker 2-Mics Pi HAT,Glock 17,9mm,28.34221011,-80.78156577,[1.55251701],1
/Users/borosabel/Documents/Uni/Thesis/PopMIR/Data/Audio/Gunshots/csv/edge-collected-gunshot-audio/edge-collected-gunshot-audio/glock_17_9mm(634).wav,89d8058c-af35-4851-90e4-44aa7dcb8690,9mm,1,2021-11-15T12:30:45.319059-05:00,-0.035081241,P4,Raspberry Pi,Zero W,ReSpeaker 2-Mics Pi HAT,Glock 17,9mm,28.34221011,-80.78156577,[1.55428571],1
/Users/borosabel/Documents/Uni/Thesis/PopMIR/Data/Audio/Gunshots/csv/edge-collected-gunshot-audio/edge-collected-gunshot-audio/glock_17_9mm(635).wav,e4015a40-425e-4a6d-8b20-743abb46c8d9,9mm,1,2021-11-15T12:30:54.468828-05:00,-0.034935487,P4,Raspberry Pi,Zero W,ReSpeaker 2-Mics Pi HAT,Glock 17,9mm,28.34221011,-80.78156577,[1.67972789],1
/Users/borosabel/Documents/Uni/Thesis/PopMIR/Data/Audio/Gunshots/csv/edge-collected-gunshot-audio/edge-collected-gunshot-audio/glock_17_9mm(636).wav,e4015a40-425e-4a6d-8b20-743abb46c8d9,9mm,1,2021-11-15T12:30:54.468828-05:00,-0.034935487,P4,Raspberry Pi,Zero W,ReSpeaker 2-Mics Pi HAT,Glock 17,9mm,28.34221011,-80.78156577,[1.59006803],1
/Users/borosabel/Documents/Uni/Thesis/PopMIR/Data/Audio/Gunshots/csv/edge-collected-gunshot-audio/edge-collected-gunshot-audio/glock_17_9mm(637).wav,e4015a40-425e-4a6d-8b20-743abb46c8d9,9mm,1,2021-11-15T12:30:54.468828-05:00,-0.034935487,P4,Raspberry Pi,Zero W,ReSpeaker 2-Mics Pi HAT,Glock 17,9mm,28.34221011,-80.78156577,[1.75],1
/Users/borosabel/Documents/Uni/Thesis/PopMIR/Data/Audio/Gunshots/csv/edge-collected-gunshot-audio/edge-collected-gunshot-audio/glock_17_9mm(638).wav,3bfce3a1-3fab-46fe-8fff-ca561406e625,9mm,1,2021-11-15T12:31:16.198404-05:00,-0.034265028,P4,Raspberry Pi,Zero W,ReSpeaker 2-Mics Pi HAT,Glock 17,9mm,28.34221011,-80.78156577,[1.75],1
/Users/borosabel/Documents/Uni/Thesis/PopMIR/Data/Audio/Gunshots/csv/edge-collected-gunshot-audio/edge-collected-gunshot-audio/glock_17_9mm(639).wav,3bfce3a1-3fab-46fe-8fff-ca561406e625,9mm,1,2021-11-15T12:31:16.198404-05:00,-0.034265028,P4,Raspberry Pi,Zero W,ReSpeaker 2-Mics Pi HAT,Glock 17,9mm,28.34221011,-80.78156577,[1.62680272],1
/Users/borosabel/Documents/Uni/Thesis/PopMIR/Data/Audio/Gunshots/csv/edge-collected-gunshot-audio/edge-collected-gunshot-audio/glock_17_9mm(640).wav,3bfce3a1-3fab-46fe-8fff-ca561406e625,9mm,1,2021-11-15T12:31:16.198404-05:00,-0.034265028,P4,Raspberry Pi,Zero W,ReSpeaker 2-Mics Pi HAT,Glock 17,9mm,28.34221011,-80.78156577,[1.70503401],1
/Users/borosabel/Documents/Uni/Thesis/PopMIR/Data/Audio/Gunshots/csv/edge-collected-gunshot-audio/edge-collected-gunshot-audio/glock_17_9mm(641).wav,3bfce3a1-3fab-46fe-8fff-ca561406e625,9mm,1,2021-11-15T12:31:16.198404-05:00,-0.034265028,P4,Raspberry Pi,Zero W,ReSpeaker 2-Mics Pi HAT,Glock 17,9mm,28.34221011,-80.78156577,[1.7384127],1
/Users/borosabel/Documents/Uni/Thesis/PopMIR/Data/Audio/Gunshots/csv/edge-collected-gunshot-audio/edge-collected-gunshot-audio/glock_17_9mm(642).wav,3bfce3a1-3fab-46fe-8fff-ca561406e625,9mm,1,2021-11-15T12:31:16.198404-05:00,-0.034265028,P4,Raspberry Pi,Zero W,ReSpeaker 2-Mics Pi HAT,Glock 17,9mm,28.34221011,-80.78156577,[2.9039229],1
/Users/borosabel/Documents/Uni/Thesis/PopMIR/Data/Audio/Gunshots/csv/edge-collected-gunshot-audio/edge-collected-gunshot-audio/glock_17_9mm(643).wav,4a8f0528-491b-408b-9c2d-96ab0e8e6dc4,9mm,1,2021-11-15T12:31:39.797093-05:00,-0.03448039,P4,Raspberry Pi,Zero W,ReSpeaker 2-Mics Pi HAT,Glock 17,9mm,28.34221011,-80.78156577,[0.52068027 1.75       3.38430839 4.56836735],4
/Users/borosabel/Documents/Uni/Thesis/PopMIR/Data/Audio/Gunshots/csv/edge-collected-gunshot-audio/edge-collected-gunshot-audio/glock_17_9mm(644).wav,4a8f0528-491b-408b-9c2d-96ab0e8e6dc4,9mm,1,2021-11-15T12:31:39.797093-05:00,-0.03448039,P4,Raspberry Pi,Zero W,ReSpeaker 2-Mics Pi HAT,Glock 17,9mm,28.34221011,-80.78156577,[0.40544218 1.58984127 2.72292517],3
/Users/borosabel/Documents/Uni/Thesis/PopMIR/Data/Audio/Gunshots/csv/edge-collected-gunshot-audio/edge-collected-gunshot-audio/glock_17_9mm(645).wav,4a8f0528-491b-408b-9c2d-96ab0e8e6dc4,9mm,1,2021-11-15T12:31:39.797093-05:00,-0.03448039,P4,Raspberry Pi,Zero W,ReSpeaker 2-Mics Pi HAT,Glock 17,9mm,28.34221011,-80.78156577,[0.10052154 1.62954649 3.93353741 5.52342404],4
/Users/borosabel/Documents/Uni/Thesis/PopMIR/Data/Audio/Gunshots/csv/edge-collected-gunshot-audio/edge-collected-gunshot-audio/glock_17_9mm(646).wav,4a8f0528-491b-408b-9c2d-96ab0e8e6dc4,9mm,1,2021-11-15T12:31:39.797093-05:00,-0.03448039,P4,Raspberry Pi,Zero W,ReSpeaker 2-Mics Pi HAT,Glock 17,9mm,28.34221011,-80.78156577,[0.68546485 1.61004535 3.2129932  4.45827664 5.40115646 7.38321995],6
/Users/borosabel/Documents/Uni/Thesis/PopMIR/Data/Audio/Gunshots/csv/edge-collected-gunshot-audio/edge-collected-gunshot-audio/glock_17_9mm(647).wav,backup_38435a10-bcdd-4b6e-9f4d-080b7f3544c9_,9mm,2,2021-11-22T10:10:17.972-04:00,-1.940000057,Galaxy S21 5G Audience,Samsung,SM-G991U1,Samsung Galaxy S21 Internal Mic,Glock 17,9mm,28.34269,-80.78156,[1.75],1
/Users/borosabel/Documents/Uni/Thesis/PopMIR/Data/Audio/Gunshots/csv/edge-collected-gunshot-audio/edge-collected-gunshot-audio/glock_17_9mm(648).wav,backup_38435a10-bcdd-4b6e-9f4d-080b7f3544c9_,9mm,2,2021-11-22T10:10:17.972-04:00,-1.940000057,Galaxy S21 5G Audience,Samsung,SM-G991U1,Samsung Galaxy S21 Internal Mic,Glock 17,9mm,28.34269,-80.78156,[1.75],1
/Users/borosabel/Documents/Uni/Thesis/PopMIR/Data/Audio/Gunshots/csv/edge-collected-gunshot-audio/edge-collected-gunshot-audio/glock_17_9mm(649).wav,backup_38435a10-bcdd-4b6e-9f4d-080b7f3544c9_,9mm,2,2021-11-22T10:10:17.972-04:00,-1.940000057,Galaxy S21 5G Audience,Samsung,SM-G991U1,Samsung Galaxy S21 Internal Mic,Glock 17,9mm,28.34269,-80.78156,[1.75],1
/Users/borosabel/Documents/Uni/Thesis/PopMIR/Data/Audio/Gunshots/csv/edge-collected-gunshot-audio/edge-collected-gunshot-audio/glock_17_9mm(650).wav,backup_4115d032-3f33-407b-ab54-ca8b9433fe30_,9mm,2,2021-11-22T10:10:08.150-04:00,7.888999939,Galaxy S21 5G Lemon Brownie,Samsung,SM-G991U1,Samsung Galaxy S21 Internal Mic,Glock 17,9mm,28.34229547,-80.78193907,[1.75],1
/Users/borosabel/Documents/Uni/Thesis/PopMIR/Data/Audio/Gunshots/csv/edge-collected-gunshot-audio/edge-collected-gunshot-audio/glock_17_9mm(651).wav,backup_4115d032-3f33-407b-ab54-ca8b9433fe30_,9mm,2,2021-11-22T10:10:08.150-04:00,7.888999939,Galaxy S21 5G Lemon Brownie,Samsung,SM-G991U1,Samsung Galaxy S21 Internal Mic,Glock 17,9mm,28.34229547,-80.78193907,[1.63936508],1
/Users/borosabel/Documents/Uni/Thesis/PopMIR/Data/Audio/Gunshots/csv/edge-collected-gunshot-audio/edge-collected-gunshot-audio/glock_17_9mm(652).wav,backup_4115d032-3f33-407b-ab54-ca8b9433fe30_,9mm,2,2021-11-22T10:10:08.150-04:00,7.888999939,Galaxy S21 5G Lemon Brownie,Samsung,SM-G991U1,Samsung Galaxy S21 Internal Mic,Glock 17,9mm,28.34229547,-80.78193907,[1.75],1
/Users/borosabel/Documents/Uni/Thesis/PopMIR/Data/Audio/Gunshots/csv/edge-collected-gunshot-audio/edge-collected-gunshot-audio/glock_17_9mm(653).wav,backup_d9b053a4-1ce8-4d8c-b780-f321568d51e4_,9mm,2,2021-11-22T10:10:14.143-04:00,1.947000027,Galaxy S21 DIRECT,Samsung,SM-G991U1,Samsung Galaxy S21 Internal Mic,Glock 17,9mm,28.34167,-80.78143,[1.75],1
/Users/borosabel/Documents/Uni/Thesis/PopMIR/Data/Audio/Gunshots/csv/edge-collected-gunshot-audio/edge-collected-gunshot-audio/glock_17_9mm(654).wav,backup_d9b053a4-1ce8-4d8c-b780-f321568d51e4_,9mm,2,2021-11-22T10:10:14.143-04:00,1.947000027,Galaxy S21 DIRECT,Samsung,SM-G991U1,Samsung Galaxy S21 Internal Mic,Glock 17,9mm,28.34167,-80.78143,[1.72959184 2.07471655 3.21521542 3.37487528 3.68904762 5.22836735],6
/Users/borosabel/Documents/Uni/Thesis/PopMIR/Data/Audio/Gunshots/csv/edge-collected-gunshot-audio/edge-collected-gunshot-audio/glock_17_9mm(655).wav,backup_d9b053a4-1ce8-4d8c-b780-f321568d51e4_,9mm,2,2021-11-22T10:10:14.143-04:00,1.947000027,Galaxy S21 DIRECT,Samsung,SM-G991U1,Samsung Galaxy S21 Internal Mic,Glock 17,9mm,28.34167,-80.78143,[1.75],1
/Users/borosabel/Documents/Uni/Thesis/PopMIR/Data/Audio/Gunshots/csv/edge-collected-gunshot-audio/edge-collected-gunshot-audio/glock_17_9mm(656).wav,backup_e1e6a8dd-899c-47bb-a7ec-c480dfb33073_,9mm,2,2021-11-22T10:10:17.739-04:00,-1.677999973,Galaxy S8 Beethoven ,Samsung,SM-G950U1,Samsung Galaxy S8 Internal Mic,Glock 17,9mm,28.34257,-80.78202,[7.49117914],1
/Users/borosabel/Documents/Uni/Thesis/PopMIR/Data/Audio/Gunshots/csv/edge-collected-gunshot-audio/edge-collected-gunshot-audio/glock_17_9mm(657).wav,backup_e1e6a8dd-899c-47bb-a7ec-c480dfb33073_,9mm,2,2021-11-22T10:10:17.739-04:00,-1.677999973,Galaxy S8 Beethoven ,Samsung,SM-G950U1,Samsung Galaxy S8 Internal Mic,Glock 17,9mm,28.34257,-80.78202,[1.75],1
/Users/borosabel/Documents/Uni/Thesis/PopMIR/Data/Audio/Gunshots/csv/edge-collected-gunshot-audio/edge-collected-gunshot-audio/glock_17_9mm(658).wav,backup_f235dd1e-d103-4639-b1e7-cdf0731fa121_,9mm,2,2021-11-22T10:10:18.509-04:00,,Galaxy S8 Chopin,Samsung,SM-G950U1,Samsung Galaxy S8 Internal Mic,Glock 17,9mm,28.34223103,-80.78170763,[1.75],1
/Users/borosabel/Documents/Uni/Thesis/PopMIR/Data/Audio/Gunshots/csv/edge-collected-gunshot-audio/edge-collected-gunshot-audio/glock_17_9mm(659).wav,backup_f235dd1e-d103-4639-b1e7-cdf0731fa121_,9mm,2,2021-11-22T10:10:18.509-04:00,,Galaxy S8 Chopin,Samsung,SM-G950U1,Samsung Galaxy S8 Internal Mic,Glock 17,9mm,28.34223103,-80.78170763,[3.40321995],1
/Users/borosabel/Documents/Uni/Thesis/PopMIR/Data/Audio/Gunshots/csv/edge-collected-gunshot-audio/edge-collected-gunshot-audio/glock_17_9mm(660).wav,backup_f235dd1e-d103-4639-b1e7-cdf0731fa121_,9mm,2,2021-11-22T10:10:18.509-04:00,,Galaxy S8 Chopin,Samsung,SM-G950U1,Samsung Galaxy S8 Internal Mic,Glock 17,9mm,28.34223103,-80.78170763,[4.52024943],1
/Users/borosabel/Documents/Uni/Thesis/PopMIR/Data/Audio/Gunshots/csv/edge-collected-gunshot-audio/edge-collected-gunshot-audio/glock_17_9mm(662).wav,backup_d3900443-f7b7-4802-9649-d71b5d068ba2_,9mm,2,2021-11-22T10:10:17.996-04:00,-1.950000048,Galaxy S9 Bach,Samsung,SM-G960U1,Samsung Galaxy S9 Internal Mic,Glock 17,9mm,28.34193779,-80.78176672,[0.04662132 0.31596372 1.33662132 1.62011338 1.75       3.60716553],6
/Users/borosabel/Documents/Uni/Thesis/PopMIR/Data/Audio/Gunshots/csv/edge-collected-gunshot-audio/edge-collected-gunshot-audio/glock_17_9mm(664).wav,backup_7c25238e-3006-484d-ba63-9b2bf0ca18f1_,9mm,2,2021-11-22T10:10:19.105-04:00,-2.993999958,Galaxy S9 Evans,Samsung,SM-G960U1,Samsung Galaxy S9 Internal Mic,Glock 17,9mm,28.34226262,-80.78141985,[1.73183673],1
/Users/borosabel/Documents/Uni/Thesis/PopMIR/Data/Audio/Gunshots/csv/edge-collected-gunshot-audio/edge-collected-gunshot-audio/glock_17_9mm(665).wav,backup_7c25238e-3006-484d-ba63-9b2bf0ca18f1_,9mm,2,2021-11-22T10:10:19.105-04:00,-2.993999958,Galaxy S9 Evans,Samsung,SM-G960U1,Samsung Galaxy S9 Internal Mic,Glock 17,9mm,28.34226262,-80.78141985,[1.75       2.09337868 3.2338322  3.39528345],4
/Users/borosabel/Documents/Uni/Thesis/PopMIR/Data/Audio/Gunshots/csv/edge-collected-gunshot-audio/edge-collected-gunshot-audio/glock_17_9mm(666).wav,backup_7c25238e-3006-484d-ba63-9b2bf0ca18f1_,9mm,2,2021-11-22T10:10:19.105-04:00,-2.993999958,Galaxy S9 Evans,Samsung,SM-G960U1,Samsung Galaxy S9 Internal Mic,Glock 17,9mm,28.34226262,-80.78141985,[1.73104308],1
/Users/borosabel/Documents/Uni/Thesis/PopMIR/Data/Audio/Gunshots/csv/edge-collected-gunshot-audio/edge-collected-gunshot-audio/glock_17_9mm(667).wav,backup_11a102da-fefb-45db-9f99-8060349008ec_,9mm,2,2021-11-22T10:10:19.789-04:00,-3.739000082,Galaxy S9 Vivaldi,Samsung,SM-G960U1,Samsung Galaxy S9 Internal Mic,Glock 17,9mm,28.34189994,-80.78125318,[1.75],1
/Users/borosabel/Documents/Uni/Thesis/PopMIR/Data/Audio/Gunshots/csv/edge-collected-gunshot-audio/edge-collected-gunshot-audio/glock_17_9mm(668).wav,backup_11a102da-fefb-45db-9f99-8060349008ec_,9mm,2,2021-11-22T10:10:19.789-04:00,-3.739000082,Galaxy S9 Vivaldi,Samsung,SM-G960U1,Samsung Galaxy S9 Internal Mic,Glock 17,9mm,28.34189994,-80.78125318,"[1.75       2.06804989 3.20854875 3.37142857 3.61394558 5.22124717
 5.33433107]",7
/Users/borosabel/Documents/Uni/Thesis/PopMIR/Data/Audio/Gunshots/csv/edge-collected-gunshot-audio/edge-collected-gunshot-audio/glock_17_9mm(669).wav,backup_11a102da-fefb-45db-9f99-8060349008ec_,9mm,2,2021-11-22T10:10:19.789-04:00,-3.739000082,Galaxy S9 Vivaldi,Samsung,SM-G960U1,Samsung Galaxy S9 Internal Mic,Glock 17,9mm,28.34189994,-80.78125318,[1.57390023],1
